Date,Close,NEWS_SENTIMENT_DAILY_AVG,NEWS_POS_COUNT,NEWS_NEG_COUNT,TWITTER_SENTIMENT_DAILY_AVG,TWITTER_POS_COUNT,TWITTER_NEG_COUNT,NEWS_HEAT_READ_DAVG,NEWS_PUBLICATION_COUNT,TWITTER_PUBLICATION_COUNT
01/08/2019,1855.32,0.1253,77,16,-0.022,85,168,1,1229,2010
31/07/2019,1866.78,0.1156,67,34,-0.0204,74,174,0,1299,1860
30/07/2019,1898.53,0.2635,83,15,-0.0141,88,150,1,1063,2019
29/07/2019,1912.45,0.2395,31,2,-0.0099,32,66,1,542,887
26/07/2019,1943.05,0.7907,292,29,0.0391,429,409,3,2267,4436
25/07/2019,1973.82,0.1955,75,12,-0.0053,74,103,2,1338,2015
24/07/2019,2000.81,0.403,94,19,-0.0071,111,118,2,1463,2276
23/07/2019,1994.49,0.1597,63,17,0.0107,105,66,2,1141,1574
22/07/2019,1985.63,0.1521,33,5,0.0163,63,31,0,650,785
19/07/2019,1964.52,0.5814,132,10,0.0093,124,91,1,1387,2118
18/07/2019,1977.9,0.2687,114,24,-0.0108,115,150,1,1872,2340
17/07/2019,1992.03,0.0528,104,62,-0.0062,124,163,2,2330,2919
16/07/2019,2009.9,0.0398,146,59,-0.0075,122,223,1,2420,3389
15/07/2019,2020.99,0.0411,95,39,-0.006,57,87,2,1764,1698
12/07/2019,2011,0.1706,150,16,0.0104,169,87,0,1530,2539
11/07/2019,2001.07,0.0936,97,33,0.0086,149,69,2,1638,2481
10/07/2019,2017.41,0.036,60,44,0.0077,138,109,1,1517,2607
09/07/2019,1988.3,0.0922,64,33,-0.0097,119,124,1,1175,1825
08/07/2019,1952.32,0.0683,22,4,-0.0064,25,42,1,607,639
05/07/2019,1942.91,0.0732,18,15,-0.0035,26,40,0,748,946
04/07/2019,,0.0801,49,32,-0.0069,49,78,0,931,1331
03/07/2019,1939,0.1831,75,17,-0.0069,76,83,0,984,1556
02/07/2019,1934.31,0.0785,36,22,-0.0051,48,59,0,924,1274
01/07/2019,1922.19,0.0384,15,8,-0.0025,23,26,0,486,739
28/06/2019,1893.63,0.2559,52,3,0.002,47,45,0,853,1477
27/06/2019,1904.28,0.1627,62,10,-0.0037,53,70,0,957,1650
26/06/2019,1897.83,0.1137,60,15,-0.0125,48,116,0,1087,1672
25/06/2019,1878.27,0.0667,65,23,-0.0069,49,82,0,1204,1477
24/06/2019,1913.9,0.0927,15,3,0.0031,31,27,1,486,751
21/06/2019,1911.3,0.0931,43,8,-0.0059,66,74,0,826,1528
20/06/2019,1918.19,0.1749,61,8,0.0074,74,61,0,985,1572
19/06/2019,1908.79,0.2015,49,7,0.006,69,53,0,846,1399
18/06/2019,1901.37,0.1073,41,16,0.0044,63,63,0,870,1356
17/06/2019,1886.03,0.0872,12,9,-0.0063,25,41,0,416,712
14/06/2019,1869.67,0.0735,36,31,-0.0176,75,130,0,907,1533
13/06/2019,1870.3,0.2133,67,34,-0.0118,70,102,0,1021,1508
12/06/2019,1855.32,0.2213,106,29,0.0143,147,103,0,1271,2079
11/06/2019,1863.7,0.3299,92,17,0.0152,161,90,0,1147,2278
10/06/2019,1860.63,0.0834,18,11,0.0047,45,32,1,537,964
07/06/2019,1804.03,0.035,59,14,-0.0037,48,71,0,1216,1767
06/06/2019,1754.36,0.1622,134,20,-0.003,65,85,0,1514,2428
05/06/2019,1738.5,0.1596,51,15,0.0066,86,90,0,1101,2041
04/06/2019,1729.56,0.1858,64,32,-0.0318,126,238,1,1382,2715
03/06/2019,1692.69,0.201,41,6,-0.0082,39,58,2,571,938
31/05/2019,1775.07,0.0528,35,12,0.0199,141,76,0,865,1720
30/05/2019,1816.32,0.0852,68,21,0.006,80,58,0,1032,1567
29/05/2019,1819.19,0.0532,82,49,0.0037,79,59,0,1535,1810
28/05/2019,1836.43,0.1143,24,3,0.0047,36,25,1,571,711
27/05/2019,,0.0416,7,1,-0.0026,17,23,0,291,570
24/05/2019,1823.28,0.0525,38,17,-0.0076,51,100,0,1101,1893
23/05/2019,1815.48,0.0344,30,24,-0.012,76,163,0,937,2292
22/05/2019,1859.68,0.1602,51,7,-0.0055,78,87,0,1037,1961
21/05/2019,1857.52,0.1457,34,10,-0.0034,54,59,0,843,1483
20/05/2019,1858.97,0.1524,11,1,0.0033,31,28,0,415,747
17/05/2019,1869,0.1829,77,9,0.0182,209,79,0,1526,2562
16/05/2019,1907.57,0.1938,74,13,0.0493,350,86,0,1271,2655
15/05/2019,1871.15,0.2481,83,13,-0.0041,72,78,0,1322,1923
14/05/2019,1840.12,0.2094,102,18,-0.0056,92,140,0,1356,2842
13/05/2019,1822.68,0.0542,24,7,-0.006,27,55,0,559,1005
10/05/2019,1889.98,-0.0912,40,54,-0.0085,96,119,0,1608,2400
09/05/2019,1899.87,0.1158,58,38,-0.0312,42,174,0,874,1684
08/05/2019,1917.77,0.1401,43,7,-0.011,57,108,0,755,1751
07/05/2019,1921,0.0603,29,14,-0.0074,65,81,0,847,1688
06/05/2019,1950.55,0.1188,18,8,-0.0119,51,72,0,503,1271
03/05/2019,1962.46,0.1819,73,14,0.0186,194,90,2,1046,2951
02/05/2019,1900.82,0.106,51,14,-0.0042,69,68,0,852,1663
01/05/2019,1911.52,0.1734,78,15,0.0103,119,89,0,862,1828
30/04/2019,1926.52,0.1663,86,13,-0.0114,103,137,0,1074,1894
29/04/2019,1938.43,0.4706,58,3,0.0099,65,39,0,556,1011
26/04/2019,1950.63,0.7374,355,23,0.1069,918,345,2,2521,6498
25/04/2019,1902.25,0.2542,87,10,0.0135,167,97,2,1178,2263
24/04/2019,1901.75,0.5766,147,7,0.0166,230,67,1,1031,2694
23/04/2019,1923.77,0.4197,78,7,0.0145,126,58,1,922,1673
22/04/2019,1887.31,0.1652,17,10,0.0039,28,28,0,377,747
19/04/2019,,0.5834,112,11,-0.0049,71,82,0,1154,1653
18/04/2019,1861.69,0.3099,114,9,-0.0116,85,126,0,1263,1872
17/04/2019,1864.82,0.1274,39,7,0.013,128,89,0,801,1919
16/04/2019,1863.04,0.1707,41,10,-0.0139,91,113,0,935,1605
15/04/2019,1844.87,0.0826,19,3,0.0055,47,49,0,563,1002
12/04/2019,1843.06,0.1659,169,52,-0.0057,134,169,0,1874,3237
11/04/2019,1844.07,0.2505,150,42,-0.0038,84,120,1,1804,2624
10/04/2019,1847.33,0.1748,51,3,0.0098,92,73,0,930,1678
09/04/2019,1835.84,0.4663,72,5,0.0135,131,94,0,963,1997
08/04/2019,1849.86,0.0547,19,6,0.0043,42,35,0,625,911
05/04/2019,1837.28,0.1867,174,54,0.0042,150,121,1,2414,3486
04/04/2019,1818.86,0.1154,78,22,0.026,248,156,2,1360,2613
03/04/2019,1820.7,0.4403,74,16,-0.0259,101,181,1,864,1996
02/04/2019,1813.98,0.4246,83,25,-0.0369,156,183,0,1050,1972
01/04/2019,1814.19,-0.0549,26,25,0.0112,70,39,1,669,1153
29/03/2019,1780.75,0.3431,61,6,0.0181,144,64,0,809,1948
28/03/2019,1773.42,0.1335,49,2,0.0118,123,111,0,826,2144
27/03/2019,1765.7,0.094,34,3,0.0149,112,86,0,868,1855
26/03/2019,1783.76,0.3057,47,4,0.0102,112,102,0,986,2092
25/03/2019,1774.26,0.2368,23,1,-0.0166,67,71,0,493,1088
22/03/2019,1764.77,0.1986,37,13,0.0116,128,74,0,792,2448
21/03/2019,1819.26,0.1449,59,19,-0.0089,113,117,0,1003,2535
20/03/2019,1797.27,0.0767,39,15,0.0145,146,82,1,1006,2499
19/03/2019,1761.85,0.1042,64,13,0.0144,129,97,1,977,2033
18/03/2019,1742.15,0.1294,16,2,0.0121,52,38,1,373,738
15/03/2019,1712.36,0.1646,41,5,0.0191,146,84,0,686,2152
14/03/2019,1686.22,0.0923,35,13,0.0066,102,87,0,806,2237
13/03/2019,1690.81,0.1988,56,11,0.007,86,86,0,784,1740
12/03/2019,1673.1,-0.1031,33,36,0.0057,96,98,0,842,2010
11/03/2019,1670.62,-0.0285,6,8,0.0045,51,46,0,421,1056
08/03/2019,1620.8,0.1229,56,8,-0.0193,104,193,0,936,2485
07/03/2019,1625.95,0.4068,104,18,-0.0262,107,239,0,1296,2580
06/03/2019,1668.95,0.1328,73,19,-0.0061,102,107,0,1823,2259
05/03/2019,1692.43,0.1769,63,8,0.0103,148,99,0,1060,2443
04/03/2019,1696.17,0.0772,15,10,0.0112,87,50,1,625,1195
01/03/2019,1671.73,0.1437,90,22,-0.0036,78,88,0,1212,2155
28/02/2019,1639.83,0.2552,85,13,-0.0072,71,99,0,940,1924
27/02/2019,1641.09,0.0735,45,41,-0.0095,84,122,0,1154,1954
26/02/2019,1636.4,0.0974,59,19,-0.0086,77,119,0,1051,2019
25/02/2019,1633,0.0974,32,21,-0.0234,61,111,0,616,1124
22/02/2019,1631.56,0.1556,53,9,-0.0083,88,121,0,851,2102
21/02/2019,1619.44,0.0755,39,12,-0.0107,88,147,0,1115,2213
20/02/2019,1622.1,0.2382,82,20,0.0076,128,126,0,1263,2168
19/02/2019,1627.58,0.116,54,14,-0.0082,73,120,0,822,1734
18/02/2019,,0.0245,23,12,-0.004,67,82,0,560,1625
15/02/2019,1607.95,0.0907,408,97,-0.0063,182,591,1,3282,8779
14/02/2019,1622.65,0.1767,87,24,-0.0046,93,100,1,1200,2273
13/02/2019,1640,0.1811,106,21,0.0069,129,121,0,1255,2559
12/02/2019,1638.01,0.1079,115,53,-0.0049,95,106,0,1658,2459
11/02/2019,1591,0.0126,38,31,0.006,63,58,0,1030,1188
08/02/2019,1588.22,-0.025,72,104,-0.0328,127,397,0,2347,4215
07/02/2019,1614.37,0.0684,26,17,0.0073,88,87,0,680,1918
06/02/2019,1640.26,0.1322,48,14,0.0098,112,61,0,817,2003
05/02/2019,1658.81,0.1499,65,12,0.0128,157,141,0,1062,2461
04/02/2019,1633.31,0.0808,17,5,0.0143,85,78,0,549,1118
01/02/2019,1626.23,0.7452,347,49,0.0932,1092,752,3,2405,10336
31/01/2019,1718.73,0.1339,50,23,0.0151,176,110,2,1065,2750
30/01/2019,1670.43,0.3566,54,9,0.0154,147,123,1,829,2125
29/01/2019,1593.88,0.1393,34,13,-0.0145,74,120,1,892,1748
28/01/2019,1637.89,0.2453,23,2,0.0074,58,44,0,538,931
25/01/2019,1670.57,0.2128,54,27,0.0111,116,115,0,833,2091
24/01/2019,1654.93,0.1636,68,14,-0.0099,92,142,0,1171,2590
23/01/2019,1640.02,0.302,53,19,-0.0163,95,131,0,971,2239
22/01/2019,1632.17,0.1889,30,11,-0.0132,32,72,0,745,1019
21/01/2019,,-0.0353,4,6,-0.0081,23,48,0,625,727
18/01/2019,1696.2,0.0689,35,23,-0.0081,119,123,0,912,2444
17/01/2019,1693.22,0.1355,42,27,0.0095,125,97,0,891,2258
16/01/2019,1683.78,0.16,46,11,0.013,147,91,0,852,2489
15/01/2019,1674.56,0.1059,37,20,-0.015,108,125,0,871,2053
14/01/2019,1617.21,0.12,22,18,-0.0101,41,81,0,609,1214
11/01/2019,1640.56,0.048,64,51,-0.0061,111,140,1,1794,3052
10/01/2019,1656.22,0.0841,122,34,-0.0035,133,130,1,2443,3586
09/01/2019,1659.42,0.2035,60,13,0.0167,177,84,1,971,2609
08/01/2019,1656.58,0.3879,109,18,0.032,291,75,0,1414,2957
07/01/2019,1629.51,0.2143,23,6,0.0061,51,36,1,522,974
04/01/2019,1575.39,0.2019,30,6,-0.0318,88,168,0,656,2081
03/01/2019,1500.28,0.2801,30,3,-0.0275,127,166,0,599,2553
02/01/2019,1539.13,0.1949,12,2,-0.0105,45,55,1,376,963
01/01/2019,,0.5445,43,1,0.0173,88,55,0,369,1393
31/12/2018,1501.97,0.3838,44,3,0.0078,59,51,0,583,1024
28/12/2018,1478.02,0.1626,38,11,-0.0148,103,124,0,740,2370
27/12/2018,1461.64,0.3386,95,9,0.0278,222,146,0,1054,3128
26/12/2018,1470.9,0.2781,23,5,-0.0149,54,70,2,372,1115
25/12/2018,,0.285,16,13,-0.0221,64,112,0,280,1991
24/12/2018,1343.96,0.0385,5,3,-0.0119,39,63,1,288,1068
21/12/2018,1377.45,0.17,57,37,-0.0146,84,161,1,932,2745
20/12/2018,1460.83,0.1002,35,23,-0.0093,68,139,0,880,3169
19/12/2018,1495.08,0.0715,37,17,-0.0095,58,138,0,796,2520
18/12/2018,1551.48,0.169,54,24,-0.0146,68,162,0,1074,2585
17/12/2018,1520.91,0.085,22,10,-0.0105,26,47,1,663,861
14/12/2018,1591.91,0.1889,63,14,-0.0096,83,144,0,935,2421
13/12/2018,1658.38,0.0708,62,9,-0.0065,93,123,0,1013,2600
12/12/2018,1663.54,0.1009,56,11,-0.0057,47,90,0,1007,2075
11/12/2018,1643.24,0.083,28,4,-0.0096,66,101,0,765,1936
10/12/2018,1641.03,0.2701,48,5,-0.0039,21,44,0,481,1055
07/12/2018,1629.13,0.175,52,30,-0.0078,98,114,0,1015,2584
06/12/2018,1699.19,-0.1759,52,60,-0.0128,62,152,0,939,2242
05/12/2018,,0.2271,63,46,-0.0211,70,192,0,1058,2654
04/12/2018,1668.4,0.2229,69,29,-0.0075,117,122,0,1067,2512
03/12/2018,1772.36,0.1061,35,2,0.003,58,50,0,707,1669
30/11/2018,1690.17,0.1083,66,16,-0.0038,90,105,0,1275,2655
29/11/2018,1673.57,0.1874,147,27,0.005,156,109,0,1674,3517
28/11/2018,1677.75,0.2353,139,18,0.0055,134,107,0,1711,2743
27/11/2018,1581.42,0.1484,102,10,0.0067,170,106,0,1486,3194
26/11/2018,1581.33,0.147,27,6,-0.0065,63,77,0,562,1309
23/11/2018,1502.06,0.0907,32,10,-0.0123,50,117,0,849,1574
22/11/2018,,0.2684,111,46,-0.0089,91,189,0,1311,3136
21/11/2018,1516.73,0.1393,96,26,-0.0115,130,213,0,1491,3824
20/11/2018,1495.46,0.0551,44,11,-0.0262,106,271,1,1255,3670
19/11/2018,1512.29,0.0858,31,12,-0.0029,36,50,0,704,1205
16/11/2018,1593.41,0.0518,61,17,-0.0109,140,242,0,1156,4019
15/11/2018,1619.44,0.1029,111,58,-0.0054,142,220,0,1865,4471
14/11/2018,1599.01,0.0571,256,42,-0.001,136,220,0,3104,7810
13/11/2018,1631.17,0.2054,160,32,-0.0059,135,203,1,1635,3907
12/11/2018,1636.85,0.0538,19,14,-0.0096,65,89,0,591,1271
09/11/2018,1712.43,0.1098,48,6,-0.0064,91,110,0,947,2402
08/11/2018,1754.91,0.2092,76,6,0.0085,152,68,0,1105,2841
07/11/2018,1755.49,0.1016,100,36,0.0018,81,63,0,1348,2727
06/11/2018,1642.81,0.1287,142,32,-0.0041,103,197,0,1658,4059
05/11/2018,1627.8,0.1669,58,16,-0.0119,39,130,1,777,1520
02/11/2018,1665.53,0.2289,50,10,0.018,212,144,0,803,3480
01/11/2018,1665.53,0.1913,46,16,0.0192,174,140,0,862,2778
31/10/2018,1598.01,0.1378,49,29,-0.0382,210,318,0,893,4454
30/10/2018,1530.42,0.2638,64,42,-0.0776,237,633,2,1296,6521
29/10/2018,1538.88,0.3781,39,13,-0.0192,89,103,2,758,1287
26/10/2018,1642.81,0.7747,319,103,-0.1028,896,1284,3,2240,10746
25/10/2018,1782.17,0.2785,88,13,-0.0154,201,234,2,1097,3713
24/10/2018,1664.2,0.4032,136,16,-0.015,150,202,1,1208,2660
23/10/2018,1768.7,0.2636,58,14,0.0126,150,122,1,1112,2193
22/10/2018,1789.3,0.1381,15,2,0.0116,64,60,0,515,925
19/10/2018,1764.03,0.3678,79,21,-0.0226,130,207,0,1020,2713
18/10/2018,1770.72,0.1844,70,42,-0.0233,110,224,0,1056,2442
17/10/2018,1831.73,0.3627,87,4,0.0151,194,109,0,1039,2679
16/10/2018,1819.96,0.2333,76,11,0.0081,152,134,0,1095,2544
15/10/2018,1760.95,0.0504,12,5,-0.006,58,75,0,484,1244
12/10/2018,1788.61,0.2022,60,22,-0.0129,199,233,0,1044,4097
11/10/2018,1719.36,0.1713,82,72,-0.0373,185,461,2,1455,5306
10/10/2018,1755.25,0.1516,56,15,-0.0051,117,134,2,1101,2781
09/10/2018,1870.32,0.155,39,28,-0.0101,156,176,0,906,3055
08/10/2018,1864.42,0.035,14,10,-0.0026,40,54,0,597,1292
05/10/2018,1889.65,0.0578,74,46,-0.0091,126,250,0,1548,4315
04/10/2018,1909.42,0.1142,81,61,-0.0081,221,234,2,1452,3882
03/10/2018,1952.76,0.1393,179,66,0.0111,421,271,1,2028,4676
02/10/2018,1971.31,0.2583,113,36,0.0202,371,144,2,1044,2961
01/10/2018,2004.36,0.289,24,6,0.0028,51,45,0,359,1019
28/09/2018,2003,0.3353,109,15,0.0109,234,126,0,1130,2663
27/09/2018,2012.98,0.3596,112,10,0.0077,209,153,0,1013,2826
26/09/2018,1974.85,0.2508,83,23,0.0097,212,126,0,999,2593
25/09/2018,1974.55,0.1506,64,8,0.0073,184,105,0,924,2586
24/09/2018,1934.36,0.1791,21,6,-0.003,36,58,0,444,1151
21/09/2018,1915.01,0.2654,257,26,0.0027,192,145,0,1847,4001
20/09/2018,1944.3,0.1907,133,68,0.0071,239,170,1,1576,3414
19/09/2018,1926.42,0.3023,103,4,0.0052,155,129,1,1062,2523
18/09/2018,1941.05,0.192,94,44,-0.0261,212,508,0,1590,4089
17/09/2018,1908.03,0.1496,51,36,-0.0383,55,197,2,1169,1432
14/09/2018,1970.19,0.2073,120,43,0.0047,166,130,0,1588,2762
13/09/2018,1989.87,0.1158,55,27,0.0051,161,141,0,906,2540
12/09/2018,1990,0.0929,52,33,0.0088,235,133,0,1035,2929
11/09/2018,1987.15,0.3481,43,5,-0.0131,186,201,0,841,2230
10/09/2018,1939.01,0.1485,19,4,0.0077,94,56,0,504,1270
07/09/2018,1952.07,0.0974,59,20,-0.0138,230,325,0,985,3371
06/09/2018,1958.31,0.1643,105,37,-0.0118,222,293,1,1538,3485
05/09/2018,1994.82,0.615,355,45,0.0304,758,335,1,2457,5790
04/09/2018,2039.51,0.2896,41,3,0.0056,90,64,2,537,1371
03/09/2018,,0.1888,17,4,-0.0031,33,42,0,326,795
31/08/2018,2012.71,0.3668,86,16,0.0116,380,301,2,1066,4417
30/08/2018,2002.38,0.4185,139,21,0.0153,527,232,2,1340,5196
29/08/2018,1998.1,0.4722,109,11,0.0157,239,99,2,1093,2363
28/08/2018,1932.82,0.2218,58,3,0.0086,139,75,0,859,1786
27/08/2018,1927.68,0.0872,19,1,0.0022,40,24,0,460,894
24/08/2018,1905.39,0.0645,24,10,0.0055,107,87,0,628,1689
23/08/2018,1902.9,0.1459,42,7,0.008,145,79,0,660,1882
22/08/2018,1904.9,0.1439,44,12,0.0059,127,78,0,712,1861
21/08/2018,1883.42,0.1609,37,17,0.004,101,95,0,789,1838
20/08/2018,1876.71,0.1908,26,10,0.0025,49,34,0,426,1056
17/08/2018,1882.22,0.1264,33,10,-0.0066,140,148,0,893,2221
16/08/2018,1886.52,0.1031,57,21,-0.0063,154,179,0,915,2672
15/08/2018,1882.62,0.3409,61,14,0.0081,156,121,0,1373,2124
14/08/2018,1919.65,0.2572,56,11,0.0165,222,129,0,853,2150
13/08/2018,1896.2,0.1241,16,4,-0.0034,43,46,0,308,936
10/08/2018,1886.3,0.0585,39,8,0.0103,245,157,0,812,2870
09/08/2018,1898.52,0.1486,53,8,0.0087,188,99,0,827,2316
08/08/2018,1886.52,0.1811,53,9,0.0052,124,63,0,808,2013
07/08/2018,1862.48,0.1786,39,14,0.0061,119,61,0,693,1740
06/08/2018,1847.75,0.0202,12,10,0.0022,42,35,0,442,1023
03/08/2018,1823.29,0.1847,55,52,0.0074,174,121,0,976,2433
02/08/2018,1834.33,0.1138,39,19,0.0061,129,130,0,699,2010
01/08/2018,1797.17,0.2595,66,4,-0.007,145,158,0,866,2493
31/07/2018,1777.44,0.1045,35,8,-0.0162,203,254,1,856,2837
30/07/2018,1779.22,0.0879,18,3,0.0067,76,56,0,592,1197
27/07/2018,1817.27,0.889,393,21,0.032,1363,985,2,2672,10505
26/07/2018,1808,0.475,95,12,-0.0117,231,257,2,909,3331
25/07/2018,1863.61,0.3368,75,13,0.0066,141,97,0,886,2114
24/07/2018,1829.24,0.3643,76,28,-0.0065,177,206,0,1165,3153
23/07/2018,1802,0.4756,38,5,-0.0025,41,57,1,477,1358
20/07/2018,1813.7,0.5078,109,19,0.0102,194,166,0,981,2510
19/07/2018,1812.97,0.5165,192,28,0.0084,216,148,0,1516,3003
18/07/2018,1842.92,0.1361,131,43,0.0106,330,228,1,1801,4012
17/07/2018,1843.93,0.0565,216,75,-0.0209,370,767,2,2743,6600
16/07/2018,1822.49,0.1636,101,11,0.0042,87,47,2,1086,1671
13/07/2018,1813.03,0.2017,54,6,0.0214,312,92,1,956,2688
12/07/2018,1796.62,0.2493,61,7,0.0113,155,78,1,757,1800
11/07/2018,1755,0.175,78,10,0.0052,119,108,0,886,2015
10/07/2018,1743.07,0.2133,55,5,0.0105,155,58,1,813,1872
09/07/2018,1739.02,0.2312,21,4,0.0035,45,47,0,529,907
06/07/2018,1710.63,0.1289,34,2,0.0029,67,48,0,540,1493
05/07/2018,1699.73,0.1051,23,3,0.0024,42,28,0,463,995
04/07/2018,,0.0705,44,11,-0.003,75,78,0,728,1699
03/07/2018,1693.96,0.1314,44,6,0.0065,121,71,0,792,1862
02/07/2018,1713.78,0.1373,25,6,-0.0035,45,59,0,413,1173
29/06/2018,1699.8,0.5355,295,67,0.0091,327,220,0,2137,4323
28/06/2018,1701.45,0.2492,92,15,-0.0048,116,119,2,995,2180
27/06/2018,1660.51,0.1872,69,5,0.0057,123,74,0,856,1960
26/06/2018,1691.09,0.265,74,9,-0.0061,110,145,1,894,2361
25/06/2018,1663.15,0.093,20,3,-0.0019,40,40,1,558,1096
22/06/2018,1715.67,0.1274,69,58,-0.0193,126,291,0,1565,2774
21/06/2018,1730.22,0.1388,96,10,0.003,130,72,2,1121,2770
20/06/2018,1750.08,0.3441,106,7,0.0045,129,78,1,1016,2233
19/06/2018,1734.78,0.1872,77,12,0.0064,122,96,0,1044,1907
18/06/2018,1723.79,0.1114,20,1,-0.0058,39,56,0,420,901
15/06/2018,1715.97,0.1557,45,7,0.0071,126,64,0,759,1844
14/06/2018,1723.86,0.1277,54,11,0.0095,149,86,0,713,1988
13/06/2018,1704.86,0.1288,92,43,-0.0032,77,96,0,1000,2037
12/06/2018,1698.75,0.1158,57,18,-0.007,60,120,0,844,1722
11/06/2018,1689.12,-0.0433,20,20,-0.0138,32,106,0,539,1098
08/06/2018,1683.99,0.0943,65,10,-0.0054,101,124,0,1124,2198
07/06/2018,1689.3,0.1119,83,23,0.0067,148,115,2,1094,2211
06/06/2018,1695.75,0.1222,51,11,0.0124,224,94,1,896,2569
05/06/2018,1696.35,0.1432,30,14,0.0106,149,54,1,851,1940
04/06/2018,1665.27,0.0977,17,5,-0.0042,35,54,0,432,1014
01/06/2018,1641.54,0.1848,66,26,0.0049,107,97,0,813,1901
31/05/2018,1629.62,0.4193,143,17,0.0061,123,82,0,879,1834
30/05/2018,1624.89,0.1288,41,15,0.0075,108,76,0,815,1617
29/05/2018,1612.87,0.08,19,11,0.0033,45,41,0,575,1011
28/05/2018,,0.2682,20,7,0.0024,38,29,0,328,914
25/05/2018,1610.15,0.0501,63,55,-0.0035,87,125,0,1033,2457
24/05/2018,1603.07,0.1159,44,27,0.0049,126,76,0,900,2144
23/05/2018,1601.86,0.1395,50,15,-0.0023,69,97,0,1149,2325
22/05/2018,1581.4,0.0909,31,10,0.0029,76,56,0,824,1667
21/05/2018,1585.46,0.1854,26,2,-0.0023,39,45,0,432,1065
18/05/2018,1574.37,0.1702,55,4,-0.0042,67,105,0,988,1932
17/05/2018,1581.76,0.1529,93,15,-0.0031,89,115,0,1090,2353
16/05/2018,1587.28,0.133,112,30,-0.0079,127,200,0,1785,2741
15/05/2018,1576.12,0.3807,122,45,-0.0037,108,112,0,1191,2168
14/05/2018,1601.54,0.2998,30,5,-0.0027,33,39,0,437,922
11/05/2018,1602.91,0.2055,45,12,0.0072,150,109,0,884,2122
10/05/2018,1609.08,0.2749,123,16,0.0055,168,112,0,1361,2676
09/05/2018,1608,0.0864,42,12,-0.003,89,91,0,1176,2021
08/05/2018,1592.39,0.0832,46,14,0.006,133,77,0,1014,2150
07/05/2018,1600.14,0.1593,16,2,0.0041,52,28,0,479,955
04/05/2018,1580.95,0.2436,83,18,-0.0065,111,145,0,1050,2238
03/05/2018,1572.075,0.2096,118,24,-0.0066,130,174,0,1137,2631
02/05/2018,1569.68,0.2646,99,22,-0.0088,158,181,0,996,2487
01/05/2018,1582.26,0.2993,104,9,0.0087,179,143,0,973,2324
30/04/2018,1566.13,0.2423,28,29,0.0128,112,42,0,586,1242
27/04/2018,1572.62,0.8046,531,29,0.0686,1740,439,2,2963,9144
26/04/2018,1517.96,0.091,73,18,0.0071,230,229,1,1221,3485
25/04/2018,1460.17,0.1408,123,31,-0.0074,177,255,1,1648,3794
24/04/2018,1460.09,0.0908,92,21,0.0042,164,159,1,1520,3002
23/04/2018,1517.86,0.0999,29,8,-0.0072,73,89,0,666,1362
20/04/2018,1527.49,0.2067,116,21,0.0125,299,164,0,1625,3344
19/04/2018,1556.91,0.1916,154,21,0.0083,463,242,1,1913,5805
18/04/2018,1527.84,0.3163,76,7,0.0037,230,162,0,1056,4189
17/04/2018,1503.83,0.2145,54,26,0.0034,143,100,0,1055,2827
16/04/2018,1441.5,0.2473,23,5,-0.007,56,94,0,410,1375
13/04/2018,1430.79,0.34,81,30,-0.0035,140,151,0,896,2892
12/04/2018,1448.5,0.1801,36,1,0.0049,129,110,0,776,2216
11/04/2018,1427.05,0.1132,29,5,-0.004,128,140,0,768,2615
10/04/2018,1436.22,0.0807,30,10,-0.0053,155,181,0,826,2898
09/04/2018,1406.08,0.1614,29,9,-0.0045,89,106,0,540,2008
06/04/2018,1405.23,0.2667,113,81,-0.0043,227,293,0,1314,5146
05/04/2018,1451.75,0.2606,124,39,-0.0054,281,319,0,1460,4970
04/04/2018,1410.57,0.3093,171,129,-0.0216,305,974,1,2208,8078
03/04/2018,1392.05,-0.2866,100,119,-0.0817,204,1595,2,2140,7882
02/04/2018,1371.99,0.1265,21,15,-0.0099,48,204,2,518,2423
30/03/2018,,-0.5387,105,205,-0.022,264,705,0,2059,6013
29/03/2018,1447.34,-0.5154,76,188,-0.0464,280,1227,2,2140,7663
28/03/2018,1431.42,0.1502,46,19,-0.0094,151,231,2,1068,3322
27/03/2018,1497.05,0.261,54,10,0.0032,163,120,1,1077,3455
26/03/2018,1555.86,0.4824,22,1,0.0028,72,54,0,342,1582
23/03/2018,1495.56,0.089,35,15,-0.0087,151,243,0,932,3289
22/03/2018,1544.92,0.1606,28,6,-0.0092,192,194,0,1008,2896
21/03/2018,1581.86,0.3951,73,16,0.0267,479,171,0,1354,3880
20/03/2018,1586.51,0.2624,66,13,-0.0035,115,182,1,1112,3832
19/03/2018,1544.93,0.0388,8,1,-0.0012,51,66,1,476,1887
16/03/2018,1571.68,0.2122,49,16,-0.0056,105,220,0,1020,3507
15/03/2018,1582.32,0.1576,53,25,-0.0087,164,265,0,1197,3433
14/03/2018,1591,0.3312,86,32,-0.0125,205,322,0,1032,3597
13/03/2018,1588.18,0.1535,49,5,0.0064,195,127,1,1101,2942
12/03/2018,1598.39,0.0458,14,1,0.0017,50,50,1,528,1516
09/03/2018,1578.89,0.2848,74,29,-0.0033,149,145,0,1008,3053
08/03/2018,1551.86,0.1098,122,42,-0.0018,149,148,0,1560,3830
07/03/2018,1545,0.3822,155,19,0.0049,293,174,0,1994,4599
06/03/2018,1537.64,0.1797,77,5,0.0044,233,130,0,1196,3982
05/03/2018,1523.61,0.0276,12,8,-0.0025,51,74,1,577,1703
02/03/2018,1500.25,0.031,24,7,-0.0088,145,259,0,907,3347
01/03/2018,1493.45,0.3581,127,13,0.0034,208,175,0,1144,4049
28/02/2018,1512.45,0.5584,211,6,0.0048,222,132,0,1440,3837
27/02/2018,1511.98,0.2746,71,9,0.0093,250,116,0,970,3191
26/02/2018,1521.95,0.0771,15,4,0.0055,30,28,0,458,582
23/02/2018,1500,0.2068,59,10,0.0146,111,110,0,845,1366
22/02/2018,1485.34,0.2302,80,15,0.0175,186,137,0,1090,1950
21/02/2018,1482.92,0.1855,88,23,0.0114,158,144,0,1330,1923
20/02/2018,1468.35,0.1842,32,4,-0.0124,28,41,0,530,558
19/02/2018,,0.0646,8,1,-0.0041,10,15,0,238,352
16/02/2018,1448.69,0.2328,75,45,-0.0174,126,143,0,824,1528
15/02/2018,1461.76,0.2888,93,15,0.0078,105,69,0,1628,1626
14/02/2018,1451.05,0.2551,96,23,-0.0113,86,108,0,967,1205
13/02/2018,1414.51,0.1829,114,41,-0.0272,95,193,0,1201,1732
12/02/2018,1386.23,0.079,22,5,0.0035,23,19,0,454,570
09/02/2018,1339.6,0.2434,126,16,-0.0108,85,156,1,1227,2006
08/02/2018,1350.5,0.2093,78,9,-0.0117,122,124,0,1099,1576
07/02/2018,1416.78,0.0835,40,12,0.0141,120,101,0,1047,1461
06/02/2018,1442.84,0.4578,89,28,-0.0163,129,160,0,953,1912
05/02/2018,1390,-0.1765,36,42,-0.0074,55,67,1,724,1035
02/02/2018,1429.95,0.7108,403,53,0.0519,846,478,3,3179,5578
01/02/2018,1390,0.2039,127,24,0.0096,191,171,2,1383,2540
31/01/2018,1450.89,0.2292,233,38,-0.0048,186,192,1,2122,3618
30/01/2018,1437.82,0.1555,103,31,0.0085,163,125,2,1329,2511
29/01/2018,1417.68,0.4438,58,1,0.0056,41,34,1,526,755
26/01/2018,1402.05,0.1301,64,15,0.0194,155,74,1,977,1536
25/01/2018,1377.95,0.1693,64,26,0.0147,145,96,0,888,1595
24/01/2018,1357.51,0.16,79,8,0.0141,137,54,0,1017,1632
23/01/2018,1362.54,0.1271,122,18,0.0051,125,59,1,1324,2356
22/01/2018,1327.31,0.2544,115,5,0.0003,20,17,1,823,1458
19/01/2018,1294.58,0.1203,318,126,-0.0039,54,228,1,2165,3962
18/01/2018,1293.32,0.0793,37,15,-0.0181,63,82,1,775,911
17/01/2018,1295,0.2569,63,10,0.0106,74,50,0,828,985
16/01/2018,1304.86,0.2654,40,12,0.0179,51,18,1,596,540
15/01/2018,,0.0943,18,2,0.0068,23,9,0,328,357
12/01/2018,1305.2,0.0731,48,9,0.0103,83,44,1,1055,1098
11/01/2018,1276.68,0.3212,74,7,0.0056,51,28,0,892,988
10/01/2018,1254.33,0.3542,109,6,0.0097,79,36,0,1020,1254
09/01/2018,1252.7,0.304,79,8,0.0124,70,25,1,974,1163
08/01/2018,1246.87,0.2983,44,5,0.0013,13,8,2,474,512
05/01/2018,1229.14,0.1929,49,9,0.0072,42,22,0,954,757
04/01/2018,1209.59,0.2472,80,28,-0.0051,36,42,0,933,905
03/01/2018,1204.2,0.2982,106,11,0.0133,95,44,0,972,1124
02/01/2018,1189.01,0.2781,21,4,0.0059,20,7,2,330,348
01/01/2018,,0.2474,7,4,-0.0029,7,9,0,107,209
29/12/2017,1169.47,0.26,55,11,-0.0078,35,47,1,668,822
28/12/2017,1186.1,0.6287,80,8,0.0063,45,25,0,844,780
27/12/2017,1182.26,0.2492,49,8,0.0088,58,13,0,696,872
26/12/2017,1176.76,0.0249,6,2,0.0028,11,7,0,225,278
25/12/2017,,-0.0044,1,1,0.0029,9,4,0,123,241
22/12/2017,1168.36,0.0814,35,9,-0.0025,22,27,0,636,784
21/12/2017,1174.76,0.1061,45,21,-0.006,39,49,0,820,951
20/12/2017,1177.62,0.1415,43,9,-0.0057,88,143,0,722,2315
19/12/2017,1187.38,0.196,41,9,0.0045,144,111,0,791,2452
18/12/2017,1190.58,0.2514,29,15,0.0062,137,95,0,537,2000
15/12/2017,1179.14,0.1685,69,20,-0.0087,120,286,0,1061,4016
14/12/2017,1174.26,0.1558,57,6,0.0151,277,52,0,849,2778
13/12/2017,1164.13,0.1209,40,10,0.0051,154,82,0,828,2400
12/12/2017,1165.08,0.2954,64,13,0.0021,105,70,0,856,2471
11/12/2017,1168.92,0.1119,18,3,0.0025,58,33,0,360,1352
08/12/2017,1162,0.1548,55,15,0.0063,221,66,0,785,3088
07/12/2017,1159.79,0.1961,76,27,-0.0017,93,135,0,1270,3754
06/12/2017,1152.35,0.269,108,26,0.0016,186,137,0,1332,5174
05/12/2017,1141.57,0.149,104,8,0.0029,170,140,0,1172,3732
04/12/2017,1133.95,0.3813,28,2,0.0055,129,45,1,582,2117
01/12/2017,1162.35,0.2184,145,18,0.005,314,97,1,1458,5184
30/11/2017,1176.75,0.1907,174,37,0.0053,357,176,1,1671,5574
29/11/2017,1161.27,0.1581,107,12,0.0066,362,60,2,1274,4063
28/11/2017,1193.6,0.3637,156,15,0.0121,441,175,1,1429,4699
27/11/2017,1195.83,0.3687,78,15,0.0015,115,99,2,820,3210
24/11/2017,1186,0.0678,28,9,-0.0044,65,123,0,645,2345
23/11/2017,,0.1721,62,15,0.0068,223,89,0,853,3362
22/11/2017,1156.16,0.1781,67,7,0.0016,124,82,0,1076,3279
21/11/2017,1139.49,0.1918,100,10,0.0057,225,99,0,1151,3572
20/11/2017,1126.31,0.2364,35,6,0.0036,83,59,0,668,1805
17/11/2017,1129.88,0.1368,72,9,-0.0045,214,267,0,931,4451
16/11/2017,1137.29,0.2062,112,12,-0.0283,140,768,0,1103,5392
15/11/2017,1126.69,0.2111,92,6,-0.025,112,87,0,1228,3303
14/11/2017,1136.84,0.2367,99,7,0.0016,208,60,0,1609,3894
13/11/2017,1129.17,0.1588,30,2,0.0074,127,54,0,547,1519
10/11/2017,1125.35,0.1639,80,21,0.0025,193,101,0,979,4684
09/11/2017,1129.13,0.0974,55,21,-0.0105,94,256,0,883,4204
08/11/2017,1132.88,0.1373,59,15,0.0022,120,64,0,1050,4163
07/11/2017,1123.17,0.1106,46,11,0.0021,150,100,0,947,4545
06/11/2017,1120.66,0.1312,29,6,0.0022,110,47,0,508,3196
03/11/2017,1111.6,0.1399,64,6,-0.0043,144,222,0,790,4697
02/11/2017,1094.22,0.1636,66,14,0.0032,142,68,0,767,3902
01/11/2017,1103.68,0.2058,85,10,0.0077,235,52,0,784,3939
31/10/2017,1105.28,0.1987,74,9,0.0078,242,51,0,891,4119
30/10/2017,1110.85,0.1594,32,8,0.0083,198,40,1,566,3414
27/10/2017,1100.95,0.6891,463,39,0.221,3501,601,3,2489,14916
26/10/2017,972.43,0.183,171,26,-0.0004,165,175,2,1416,11044
25/10/2017,972.91,0.1545,118,26,-0.0035,218,298,1,1161,6563
24/10/2017,975.9,0.0752,110,32,-0.0067,174,642,1,1443,10076
23/10/2017,966.3,0.1269,29,6,0.0008,62,33,1,467,2836
20/10/2017,982.91,0.0546,115,27,0.0004,134,115,0,1235,9266
19/10/2017,986.61,0.0942,130,21,-0.0093,109,484,0,1339,7660
18/10/2017,997,0.1331,104,23,-0.3798,114,3183,0,1503,8963
17/10/2017,1009.13,0.1101,66,23,0.0025,130,97,0,865,4629
16/10/2017,1006.34,0.1147,25,3,0.002,68,51,0,405,3209
13/10/2017,1002.94,0.1676,138,28,-0.1246,169,2597,0,1669,13750
12/10/2017,1000.93,0.0843,129,27,0.0069,400,189,0,1362,6963
11/10/2017,995,0.1723,86,18,0.0053,259,243,0,1026,5104
10/10/2017,987.2,0.1186,55,16,-0.0023,141,180,0,752,5170
09/10/2017,990.99,0.1118,29,4,-0.0243,97,219,0,410,2271
06/10/2017,989.58,0.1303,70,24,-0.0068,284,398,0,988,6685
05/10/2017,980.85,0.1549,107,68,-0.1168,209,2079,1,1371,9198
04/10/2017,965.45,-0.2102,100,154,-0.16,219,2359,1,1468,9705
03/10/2017,957.1,0.202,60,8,0.0043,143,134,1,794,3230
02/10/2017,959.19,0.071,20,8,-0.0032,35,69,0,457,1899
29/09/2017,961.35,0.1174,92,17,-0.0133,185,485,0,1092,5438
28/09/2017,956.4,0.1837,166,12,0.0012,312,213,0,1363,9666
27/09/2017,950.87,0.2217,84,16,-0.002,99,146,1,950,4794
26/09/2017,938.6,0.2639,79,20,-0.0038,97,189,0,857,4585
25/09/2017,939.79,0.3623,62,7,0.002,97,43,1,519,2730
22/09/2017,955.1,0.1066,64,25,0.01,282,79,0,794,4414
21/09/2017,964.65,0.0706,88,24,-0.001,131,130,0,1158,6901
20/09/2017,973.21,0.207,124,26,0.0011,193,157,1,1243,9916
19/09/2017,969.86,0.114,97,8,-0.0036,121,231,0,1092,5368
18/09/2017,974.19,0.0895,16,4,0.001,52,40,0,353,2194
15/09/2017,986.79,0.1654,89,26,0.0082,239,121,0,970,4337
14/09/2017,992.21,0.1542,99,29,0.0036,254,122,0,992,5686
13/09/2017,999.6,0.124,65,25,-0.0031,145,186,0,774,4432
12/09/2017,982.58,0.1694,77,21,-0.0074,268,332,0,824,5656
11/09/2017,977.96,0.0565,14,7,-0.003,50,142,0,355,4517
08/09/2017,965.9,0.1066,217,48,-0.0077,329,986,0,1640,12825
07/09/2017,979.47,0.2956,141,11,-0.0015,169,257,1,1288,8040
06/09/2017,967.8,0.1079,44,8,-0.0074,42,195,0,839,3151
05/09/2017,965.27,0.0245,13,5,-0.0322,47,286,0,444,2255
04/09/2017,,0.0614,9,4,-0.0036,36,73,0,247,2225
01/09/2017,978.25,0.2005,65,25,-0.0211,131,486,0,838,5019
31/08/2017,980.6,0.3782,130,31,-0.0238,183,879,0,1113,8488
30/08/2017,967.59,0.2901,115,13,-0.0032,203,266,0,964,6638
29/08/2017,954.06,0.4712,253,63,-0.0349,421,915,0,1286,10522
28/08/2017,946.02,0.1216,29,8,-0.0099,81,228,1,501,3485
25/08/2017,945.26,0.3091,223,75,-0.1827,245,3077,0,1642,17002
24/08/2017,952.45,0.4984,188,24,0.0015,223,191,1,1248,8555
23/08/2017,958,0.3248,64,17,-0.001,119,136,0,833,5171
22/08/2017,966.9,0.2355,40,9,-0.0113,99,212,0,676,3196
21/08/2017,953.29,0.2466,23,2,-0.0016,48,67,0,323,2563
18/08/2017,958.47,0.2689,80,12,0.0125,297,181,0,844,4104
17/08/2017,960.57,0.2777,131,86,-0.0111,417,500,0,1322,8469
16/08/2017,978.18,0.286,197,51,-0.0094,363,494,1,1430,8265
15/08/2017,982.74,0.2811,117,18,0.0105,268,165,1,1111,4144
14/08/2017,983.3,0.1889,32,4,-0.0674,33,375,0,400,2444
11/08/2017,967.99,0.4875,123,32,-0.033,321,460,0,870,5975
10/08/2017,956.92,0.1348,62,50,-0.0775,169,641,0,759,4608
09/08/2017,982.01,0.1944,53,8,0.0098,233,118,0,774,3582
08/08/2017,989.84,0.1704,42,20,-0.0014,120,101,0,732,3561
07/08/2017,992.27,0.071,18,3,0.0003,48,44,0,345,2412
04/08/2017,987.58,0.2872,61,14,0.0139,276,133,0,747,4040
03/08/2017,986.92,0.0949,88,17,0.0071,379,309,0,942,7825
02/08/2017,995.89,0.1608,82,18,-0.01,253,502,0,841,7237
01/08/2017,996.19,0.2299,76,25,-0.0198,316,552,0,831,6406
31/07/2017,987.78,0.3689,52,15,0.0528,330,111,1,491,3074
28/07/2017,1020.04,0.6102,523,162,0.0643,3065,2623,3,3527,23116
27/07/2017,1046,0.321,223,43,0.0032,422,186,2,1314,9614
26/07/2017,1052.8,0.2437,98,13,0.0015,276,57,0,888,7937
25/07/2017,1039.87,0.428,92,21,0.0073,351,85,0,862,6637
24/07/2017,1038.95,0.192,34,3,0.0019,75,25,1,439,2489
21/07/2017,1025.67,0.3291,153,34,0.0374,897,272,0,1292,8812
20/07/2017,1028.7,0.2608,92,13,0.0029,197,127,1,957,4938
19/07/2017,1026.87,0.2429,74,10,-0.0021,213,188,0,884,5667
18/07/2017,1024.45,0.2033,82,22,-0.0264,212,616,0,1054,6899
17/07/2017,1010.04,0.1753,31,9,0.0037,135,86,1,442,2661
14/07/2017,1001.81,0.2281,91,17,0.0071,257,74,0,870,4467
13/07/2017,1000.63,0.3836,174,28,0.0935,1094,106,0,1218,5647
12/07/2017,1006.51,0.1002,142,26,0.0018,352,319,1,1378,8638
11/07/2017,994.13,0.1131,250,49,-0.0034,425,536,0,1980,10520
10/07/2017,996.47,0.1009,53,10,0.0005,61,58,0,710,2891
07/07/2017,978.76,0.1559,91,9,0.0007,111,68,0,911,5503
06/07/2017,965.14,0.1519,81,18,0.0014,121,99,0,886,4027
05/07/2017,971.4,0.1821,37,8,0.0057,153,135,0,455,2828
04/07/2017,,0.0866,45,15,-0.0891,185,684,0,619,4029
03/07/2017,953.66,0.1013,21,2,0.0008,59,24,0,367,2103
30/06/2017,968,0.1508,110,20,0.0016,200,152,0,1343,6287
29/06/2017,975.93,0.0532,72,56,-0.0019,299,352,0,1248,10266
28/06/2017,990.33,0.1828,79,7,0.0001,103,208,1,882,7175
27/06/2017,976.78,0.1674,91,17,-0.0033,165,384,0,1020,7884
26/06/2017,993.98,0.144,37,5,-0.0013,172,168,0,569,5530
23/06/2017,1003.74,0.1092,77,10,0.0012,342,128,0,835,9798
22/06/2017,1001.3,0.2237,131,26,-0.0007,283,260,0,1286,11843
21/06/2017,1002.23,0.1899,157,33,0.0007,300,289,1,1370,12397
20/06/2017,992.59,0.3048,244,40,0.0029,667,318,1,2003,16084
19/06/2017,995.17,0.3993,140,9,0.0028,452,348,2,1083,10811
16/06/2017,987.71,0.1494,81,29,0.0035,407,233,2,1002,9521
15/06/2017,964.17,0.414,88,13,-0.0011,189,207,1,755,6628
14/06/2017,976.47,0.1955,56,8,-0.0011,150,198,0,725,6190
13/06/2017,980.79,0.0842,37,28,-0.0033,249,354,1,810,7612
12/06/2017,964.91,0.2638,21,9,-0.0184,118,644,2,474,5742
09/06/2017,978.31,0.1994,68,13,0.006,192,67,2,682,3441
08/06/2017,1010.27,0.0822,65,29,0.021,433,263,0,921,4985
07/06/2017,1010.07,0.2386,73,14,-0.0106,373,606,0,935,8450
06/06/2017,1003,0.1407,92,16,0.0022,549,252,1,1355,11692
05/06/2017,1011.34,0.0691,21,2,-0.0002,64,61,0,378,4434
02/06/2017,1006.73,0.1978,47,7,0.0009,154,83,0,666,5311
01/06/2017,995.95,0.3031,87,37,0.0018,190,81,0,866,5375
31/05/2017,994.62,0.6318,167,21,0.1777,2081,136,0,1059,8534
30/05/2017,996.7,0.1395,25,1,-0.0005,102,104,1,321,4899
29/05/2017,,0.083,7,3,0.0008,191,126,0,207,6391
26/05/2017,995.78,0.2046,64,7,0.0015,419,188,0,793,10937
25/05/2017,993.38,0.0996,36,8,0.0012,280,166,1,512,8560
24/05/2017,980.35,0.1591,60,22,0.0009,252,192,0,618,9126
23/05/2017,971.54,0.084,47,5,0.0009,260,162,0,692,8563
22/05/2017,970.67,0.176,18,3,-0.0013,100,184,0,283,5142
19/05/2017,959.84,0.2497,45,6,0.0014,271,125,0,769,7691
18/05/2017,958.49,0.1433,75,20,-0.0019,303,379,0,1099,9727
17/05/2017,944.76,0.1083,35,19,0.0006,221,179,1,731,9863
16/05/2017,966.07,0.1085,45,10,0.0024,396,130,0,804,9264
15/05/2017,957.97,0.2568,34,9,0.0039,236,102,0,387,4255
12/05/2017,961.35,0.0818,39,10,0.0006,161,157,0,590,6090
11/05/2017,947.62,0.1112,61,40,-0.0003,152,154,0,847,8799
10/05/2017,948.95,0.1606,109,16,-0.0005,151,247,0,1087,11327
09/05/2017,952.82,0.1884,73,11,0.0009,261,220,0,854,8648
08/05/2017,949.04,0.175,25,8,-0.0007,79,108,0,398,4158
05/05/2017,934.15,0.3797,64,11,0.0022,250,195,0,619,5458
04/05/2017,937.53,0.2312,65,7,0.0005,129,73,0,812,5372
03/05/2017,941.03,0.2955,55,11,0.0005,119,68,0,582,5008
02/05/2017,946.94,0.2149,48,5,0.0017,252,77,0,727,5687
01/05/2017,948.23,0.2326,17,3,0.0037,241,92,1,268,5572
28/04/2017,924.99,0.6682,417,37,0.0625,2372,454,2,2054,14431
27/04/2017,918.38,0.2058,118,8,0.0005,221,199,2,899,9172
26/04/2017,909.29,0.2056,61,34,-0.0004,166,188,0,662,8048
25/04/2017,907.62,0.3321,83,27,0.0003,185,139,0,805,8887
24/04/2017,907.41,0.3289,43,4,0.0008,141,60,0,376,5125
21/04/2017,898.53,0.1201,65,18,-0.0003,76,124,0,733,6871
20/04/2017,902.06,0.112,104,16,-0.0088,126,623,0,874,8387
19/04/2017,899.2,0.0896,35,11,0.0005,175,68,0,527,6816
18/04/2017,903.78,0.3074,79,5,0.0011,245,103,0,747,6811
17/04/2017,901.99,0.2752,18,3,-0.0002,67,76,0,230,5691
14/04/2017,,0.1476,48,9,-0.0002,141,172,0,511,8975
13/04/2017,884.67,0.1678,65,10,0.0009,353,110,0,783,10741
12/04/2017,896.23,0.2298,67,8,0.0006,287,75,0,572,9847
11/04/2017,902.36,0.693,117,11,0.0019,442,239,0,675,9284
10/04/2017,907.04,0.3033,57,10,0.0011,173,87,0,426,5028
07/04/2017,894.88,0.1659,66,28,0.0005,259,158,0,757,8211
06/04/2017,898.28,0.3481,177,24,0.0028,784,167,1,1066,13824
05/04/2017,909.28,0.2778,142,55,0.0026,593,202,2,999,11707
04/04/2017,906.83,0.1475,71,19,-0.0005,166,130,2,690,6083
03/04/2017,891.51,0.1179,18,2,0.0002,82,63,0,296,5823
31/03/2017,886.54,0.2672,88,17,0.0005,241,150,1,797,9010
30/03/2017,876.34,0.2489,122,15,-0.0047,516,611,2,974,10509
29/03/2017,874.32,0.4621,237,24,0.0012,373,99,2,1168,10201
28/03/2017,856,0.2394,141,21,0.0023,429,160,2,903,9767
27/03/2017,846.82,0.0582,20,12,-0.0014,106,146,0,315,5042
24/03/2017,845.61,0.0576,55,30,0.0016,152,28,0,646,4093
23/03/2017,847.38,0.2088,65,10,0.0004,104,61,0,600,4920
22/03/2017,848.06,0.1862,66,9,0.0002,99,81,0,747,5754
21/03/2017,843.2,0.1132,58,8,0.0005,126,54,0,1267,4774
20/03/2017,856.97,0.2456,27,2,0.0002,57,27,0,282,3213
17/03/2017,852.31,0.248,61,17,0.0002,79,75,0,532,4571
16/03/2017,853.42,0.137,49,5,0.0002,119,81,0,677,5923
15/03/2017,852.97,0.1213,45,6,0.001,177,80,0,593,5138
14/03/2017,852.53,0.047,18,5,0.0004,102,87,0,422,5025
13/03/2017,854.59,0.0213,6,2,-0.0006,59,115,0,218,4268
10/03/2017,852.46,0.3389,78,6,-0.0017,109,200,0,591,5726
09/03/2017,853,0.2033,54,7,0.0008,106,85,0,712,3555
08/03/2017,850.5,0.0631,37,15,0.0005,125,105,0,790,5159
07/03/2017,846.02,0.1087,44,10,0.0005,134,105,0,646,5147
06/03/2017,846.61,0.0774,21,5,0.0043,173,53,0,379,3153
03/03/2017,849.88,0.1963,105,54,-0.0037,104,561,0,973,9541
02/03/2017,848.91,0.1271,52,22,-0.0011,94,204,0,690,5831
01/03/2017,853.08,-0.0621,111,105,-0.0266,167,1329,0,1269,9999
28/02/2017,845.04,0.2315,66,5,0.0004,104,42,0,700,5067
27/02/2017,848.64,0.0722,20,5,-0.0003,50,69,0,422,3891
24/02/2017,845.24,0.2333,42,14,-0.0015,57,107,0,561,2666
23/02/2017,852.19,0.0452,28,6,0.0039,210,110,0,618,3740
22/02/2017,855.61,0.3231,67,12,0.0034,258,128,0,607,4351
21/02/2017,856.44,0.4436,64,3,-0.0021,140,194,0,486,4581
20/02/2017,,0.6331,51,12,0.0027,224,67,0,427,4684
17/02/2017,845.07,0.0923,28,3,0.0013,147,72,0,398,3810
16/02/2017,844.14,0.3508,67,12,0.0014,207,86,0,579,5033
15/02/2017,842.7,0.2258,67,19,0.001,230,152,0,697,6470
14/02/2017,836.39,0.2599,76,8,0.0004,142,85,0,608,4730
13/02/2017,836.53,0.2214,21,3,-0.0002,50,61,0,324,4009
10/02/2017,827.46,0.4267,88,14,-0.0006,137,123,0,647,4795
09/02/2017,821.36,0.2687,51,7,-0.007,151,398,0,515,5300
08/02/2017,819.71,0.3996,103,18,0.0021,266,212,0,673,5628
07/02/2017,812.5,0.4006,69,16,0.0023,195,135,0,562,4043
06/02/2017,807.64,0.2306,20,5,-0.001,98,101,0,305,3291
03/02/2017,810.2,0.7186,391,74,-0.0723,1561,1812,3,1827,11805
02/02/2017,839.95,0.3623,80,35,0.0054,421,135,2,775,6328
01/02/2017,832.35,0.307,112,37,-0.0287,238,1056,0,977,8021
31/01/2017,823.48,-0.2874,66,113,-0.0139,226,958,0,949,9958
30/01/2017,830.38,0.24,27,8,0.0001,68,47,0,366,6369
27/01/2017,835.77,0.148,54,10,0.001,198,133,0,647,5978
26/01/2017,839.15,0.1614,50,12,0.0008,216,111,0,597,6966
25/01/2017,836.52,0.1285,43,9,-0.0007,185,173,0,570,8012
24/01/2017,822.44,0.2444,74,15,-0.0007,155,140,0,681,5242
23/01/2017,817.88,0.2045,32,3,0.002,155,37,0,326,3413
20/01/2017,808.33,0.1506,69,24,-0.0006,112,135,0,642,5636
19/01/2017,809.04,0.2428,84,15,-0.0005,131,132,0,811,5715
18/01/2017,807.48,0.0756,37,13,0.0021,259,131,0,672,5632
17/01/2017,809.72,0.198,23,5,0.0003,65,43,0,747,3472
16/01/2017,,0.0556,16,2,-0.0004,84,84,0,755,5141
13/01/2017,817.14,0.2065,199,97,0.0093,1302,439,0,1584,15268
12/01/2017,813.64,0.1318,82,50,-0.0312,157,1189,2,814,8766
11/01/2017,799.02,0.4378,77,19,0.0012,229,61,1,555,6251
10/01/2017,795.9,0.2872,66,6,-0.0004,153,135,0,585,6308
09/01/2017,796.92,0.0445,8,4,0.0004,97,54,0,284,4357
06/01/2017,795.99,0.184,72,19,0.0013,361,225,1,823,8861
05/01/2017,780.45,0.115,72,7,0.005,431,125,2,753,7378
04/01/2017,757.18,0.2048,57,6,0.0023,284,122,1,520,6258
03/01/2017,753.67,0.0468,10,5,0.0132,228,96,0,290,2555
02/01/2017,,0.1122,7,1,0.0014,84,48,0,120,2124
30/12/2016,749.87,0.2049,94,38,-0.0064,283,719,0,597,10024
29/12/2016,765.15,0.1784,52,19,0.0005,197,88,0,534,7579
28/12/2016,772.13,0.6759,133,12,0.023,882,70,0,701,7042
27/12/2016,771.4,0.0652,12,4,0.0007,43,26,0,247,2055
26/12/2016,,0.2147,16,5,0.0029,84,25,0,151,1840
23/12/2016,760.59,0.0917,30,3,-0.0003,59,66,0,431,2981
22/12/2016,766.34,0.1877,45,9,-0.0069,133,195,0,505,3365
21/12/2016,770.6,0.1429,50,9,-0.0079,103,350,0,577,4486
20/12/2016,771.22,0.0899,30,7,0.0008,115,50,0,467,3313
19/12/2016,766,0.035,11,5,0.0003,39,15,0,292,2155
16/12/2016,757.77,0.0754,46,6,0.0002,118,105,0,846,6279
15/12/2016,761,0.0982,152,25,0,117,84,0,2657,13941
14/12/2016,768.82,0.1616,101,6,0.0005,141,47,1,1392,4796
13/12/2016,774.34,0.0259,26,7,-0.0005,77,91,0,924,3581
12/12/2016,760.12,0.0266,17,3,-0.0005,29,63,0,574,2911
09/12/2016,768.66,0.1844,55,9,0.0005,118,97,0,542,4473
08/12/2016,767.33,0.342,71,15,0.0005,111,62,0,546,4736
07/12/2016,770.42,0.1802,73,26,-0.0004,102,128,0,779,6056
06/12/2016,764.72,0.1636,141,19,0.0001,157,110,0,1147,12608
05/12/2016,759.36,0.082,21,2,0.0019,77,19,1,353,1951
02/12/2016,740.34,0.177,95,5,-0.0009,116,178,0,799,5267
01/12/2016,743.65,0.1452,113,8,-0.0014,102,239,0,979,5539
30/11/2016,750.57,0.1643,110,24,-0.001,200,215,0,906,5416
29/11/2016,762.52,0.1779,85,31,-0.0027,242,384,0,827,7064
28/11/2016,766.77,0.2442,48,15,0.0002,50,41,1,519,2936
25/11/2016,780.37,0.0646,26,2,-0.0006,56,70,0,402,3551
24/11/2016,,0.059,49,22,-0.0087,128,435,0,622,5683
23/11/2016,780.12,0.1095,68,15,-0.0197,260,499,0,666,4782
22/11/2016,785.33,0.1013,65,12,0.0012,213,100,0,749,5958
21/11/2016,780,0.0283,13,5,0.0042,100,43,0,356,1891
18/11/2016,760.16,0.1406,111,19,0.0056,414,289,0,953,6394
17/11/2016,756.4,0.1153,63,9,-0.0089,160,232,0,747,3410
16/11/2016,746.49,0.2278,78,12,-0.0034,200,199,0,760,3876
15/11/2016,743.24,0.0903,56,31,-0.0259,129,444,0,796,4499
14/11/2016,719.07,0.1401,35,15,0.0019,113,38,1,435,3006
11/11/2016,739.01,-0.1246,36,49,-0.0037,198,268,0,843,5188
10/11/2016,742.38,0.1098,27,12,-0.0032,111,146,2,523,2433
09/11/2016,771.88,0.1868,34,12,0.0002,61,54,1,455,2461
08/11/2016,787.75,0.1359,40,18,0.0007,137,96,0,630,3787
07/11/2016,784.93,0.1552,16,3,0.0004,46,19,0,228,1883
04/11/2016,755.05,0.0928,36,9,0.0003,91,70,0,577,4541
03/11/2016,767.03,0.152,44,5,-0.0017,111,143,0,500,3444
02/11/2016,765.56,0.1617,60,10,0.0022,186,122,0,581,4295
01/11/2016,785.41,0.1641,64,10,-0.0101,209,231,0,636,3271
31/10/2016,789.82,0.0537,12,6,-0.0181,59,187,1,315,1795
28/10/2016,776.32,0.5576,306,81,-0.3806,1598,3865,3,1838,13235
27/10/2016,818.36,0.4455,91,5,0.0014,121,82,2,667,2684
26/10/2016,822.59,0.1891,61,2,0.0019,118,69,0,564,2640
25/10/2016,835.18,0.2912,59,2,0.0166,313,30,0,579,2938
24/10/2016,838.09,0.2059,19,1,0.0012,55,32,0,337,1936
21/10/2016,818.99,-0.1166,45,62,-0.003,93,230,0,796,4369
20/10/2016,810.32,0.1797,40,6,0.0007,80,48,0,615,2808
19/10/2016,817.69,0.0878,41,11,0.0009,109,93,0,733,3264
18/10/2016,817.65,0.1714,46,11,0.0026,183,89,0,630,3454
17/10/2016,812.95,0.3407,29,4,0.0022,58,25,0,311,1530
14/10/2016,822.96,0.177,122,25,0.0021,215,96,0,959,5388
13/10/2016,829.28,0.3651,157,20,0.0006,167,118,0,977,7352
12/10/2016,834.09,0.256,119,6,0.0002,147,87,1,891,7810
11/10/2016,831,0.1299,35,2,0.0011,62,46,1,494,1794
10/10/2016,841.71,0.0969,9,6,0.0002,24,18,0,215,1358
07/10/2016,839.43,0.193,77,7,0.0022,161,128,0,705,3550
06/10/2016,841.66,0.3319,98,9,0.0037,361,164,0,1013,6186
05/10/2016,844.36,0.1389,63,18,0.0009,222,141,0,978,6650
04/10/2016,834.03,0.1873,54,20,-0.0027,121,247,0,641,4954
03/10/2016,836.74,0.1033,17,7,0.0005,68,26,0,266,2830
30/09/2016,837.31,0.2873,60,2,0.0067,314,95,0,611,4409
29/09/2016,829.05,0.2495,67,10,0.0026,330,103,0,728,6227
28/09/2016,828.72,0.2349,96,7,0.0052,331,48,1,905,4768
27/09/2016,816.11,0.1629,45,8,0.0021,153,55,1,525,3217
26/09/2016,799.16,0.5452,55,13,0.002,45,11,0,294,1059
23/09/2016,805.75,0.342,60,6,0.0535,542,60,0,753,3525
22/09/2016,804.7,0.2498,58,10,0.0084,187,60,2,551,2816
21/09/2016,789.74,0.3386,66,3,0.0012,99,27,0,567,3038
20/09/2016,780.22,0.1396,44,14,0.0019,117,26,0,542,2952
19/09/2016,775.1,0.1214,23,3,0.0046,106,6,1,387,1722
16/09/2016,778.52,0.5128,89,7,0.0008,100,40,1,732,3550
15/09/2016,769.69,0.1202,56,12,0.0003,106,54,1,709,5606
14/09/2016,761.09,0.1345,49,10,0.0036,337,55,1,677,5368
13/09/2016,761.01,0.2551,49,4,0.0018,104,47,0,735,2551
12/09/2016,771.49,0.1132,20,4,0.0001,28,26,1,299,2951
09/09/2016,760.14,0.1489,64,15,-0.0023,197,207,0,729,4857
08/09/2016,784.06,0.1128,30,5,-0.0008,79,97,0,570,4959
07/09/2016,784.48,0.2294,50,5,0.0022,194,70,1,576,4337
06/09/2016,788.87,-0.0322,3,6,0.0004,38,17,2,272,2078
05/09/2016,,0.0292,3,6,-0.0012,17,57,0,143,1611
02/09/2016,772.44,0.2373,35,6,0.0003,59,34,0,412,3219
01/09/2016,770.62,0.0461,33,6,0.0006,78,35,0,615,3883
31/08/2016,769.16,0.0785,41,14,-0.0006,55,102,1,797,4337
30/08/2016,767.58,0.1465,36,10,0.0015,98,22,1,639,2873
29/08/2016,771.29,0.0746,10,4,0.0002,33,5,0,254,2454
26/08/2016,769,0.2045,69,27,0.0002,67,36,0,662,4370
25/08/2016,759.22,0.0991,32,5,0.0003,49,23,0,478,3606
24/08/2016,757.25,0.2282,44,13,0.0012,124,66,0,560,3750
23/08/2016,762.45,0.061,36,8,0.0003,69,34,0,590,3732
22/08/2016,759.48,0.1823,10,1,0.0003,36,28,0,206,2029
19/08/2016,757.31,0.1055,32,4,0.0135,269,30,0,496,2831
18/08/2016,764.46,0.0703,47,4,0.0031,137,47,0,549,2746
17/08/2016,764.63,0.2797,43,7,-0.0011,34,44,0,523,1761
16/08/2016,764.04,0.1146,29,5,0.0006,52,39,0,443,1914
15/08/2016,768.49,0.0305,9,3,0.0005,50,14,0,228,1744
12/08/2016,772.56,0.1389,56,5,0.0037,192,84,0,718,3712
11/08/2016,771.24,0.1093,27,3,0.0005,74,24,0,437,3031
10/08/2016,768.56,0.1114,39,8,0.0135,221,34,0,515,2311
09/08/2016,768.31,0.2535,93,33,0.0628,1298,139,0,982,6449
08/08/2016,766.56,0.1806,46,19,-0.0007,60,78,0,475,3083
05/08/2016,765.98,0.1154,46,7,0.0016,193,57,0,579,4467
04/08/2016,760.77,0.3612,80,11,0.0008,205,114,0,661,6860
03/08/2016,754.64,0.3469,46,10,0.0023,78,27,0,658,1854
02/08/2016,760.58,0.4079,52,7,0.0186,303,40,0,533,3575
01/08/2016,767.74,0.3736,41,1,0.0159,116,19,0,330,1526
29/07/2016,758.81,0.7818,454,26,0.5171,5016,441,2,2109,13099
28/07/2016,752.61,0.2761,61,10,0.0008,122,52,2,702,3124
27/07/2016,736.67,0.3771,96,6,0.0008,106,22,0,647,2906
26/07/2016,735.59,0.3781,97,12,0.0005,134,22,0,638,5099
25/07/2016,739.61,0.3027,19,4,0.0051,63,8,0,271,1360
22/07/2016,744.86,0.1967,63,10,0.0042,213,31,0,553,5370
21/07/2016,744.43,0.1603,45,3,0.0094,194,57,0,563,2395
20/07/2016,745.72,0.2657,48,6,-0.0095,71,257,0,525,2878
19/07/2016,739.95,0.275,57,1,0.0076,169,117,0,491,2506
18/07/2016,736.07,0.0767,11,1,0.0007,22,13,0,198,921
15/07/2016,735.44,0.2983,74,3,0.0026,145,76,0,549,3211
14/07/2016,741.2,0.486,185,17,0.1074,1102,94,0,768,5420
13/07/2016,742.63,0.177,153,22,0.0038,496,415,2,940,8369
12/07/2016,748.21,0.1148,125,12,0.0073,701,96,2,1048,9061
11/07/2016,753.78,0.1265,28,3,-0.0018,52,105,1,363,4469
08/07/2016,745.81,0.2043,44,10,0.0009,81,42,0,398,2723
07/07/2016,736.57,0.3447,73,3,0.0024,192,68,0,497,3618
06/07/2016,737.61,0.182,36,6,0.0024,126,23,0,365,2742
05/07/2016,728.1,0.1305,17,3,0.0018,55,12,0,266,3255
04/07/2016,,0.0477,6,2,-0.0482,11,190,0,132,1946
01/07/2016,725.68,0.1905,62,3,0.002,169,62,0,561,4253
30/06/2016,715.62,0.1392,88,2,0.0003,98,97,0,774,6918
29/06/2016,715.6,0.1313,64,6,0.0014,167,14,0,544,3939
28/06/2016,707.95,0.1302,46,8,0.0004,96,55,0,502,4035
27/06/2016,691.36,0.1958,19,2,-0.0002,21,32,1,297,1576
24/06/2016,698.96,0.15,29,11,-0.0023,68,97,1,440,2404
23/06/2016,722.08,0.1967,69,27,-0.0061,153,158,0,724,3119
22/06/2016,710.6,0.0457,24,9,0.0088,132,55,0,464,3917
21/06/2016,715.82,0.315,37,11,-0.0095,38,122,0,442,1708
20/06/2016,714.01,0.0852,13,4,0.0118,53,39,0,375,792
17/06/2016,706.39,0.1179,29,10,0.0604,227,90,1,373,1698
16/06/2016,717.51,0.2019,31,9,-0.0309,108,216,0,471,1720
15/06/2016,714.26,0.0605,27,19,-0.0689,65,249,0,458,1477
14/06/2016,719.3,0.0688,40,23,-0.3097,84,807,0,608,3188
13/06/2016,715.24,0.1022,15,1,0.0078,63,25,0,217,816
10/06/2016,717.91,0.3914,77,14,-0.0083,133,201,0,499,3259
09/06/2016,727.65,0.3567,118,1,0.0183,478,103,0,744,4211
08/06/2016,726.64,0.4689,117,8,0.2393,1273,266,0,715,4171
07/06/2016,723.74,0.1026,24,6,0.0047,101,84,0,377,1622
06/06/2016,726.73,0.0263,17,9,-0.0004,22,27,0,273,1529
03/06/2016,725.54,0.0703,35,13,-0.006,198,165,0,576,2865
02/06/2016,728.24,0.0645,53,18,-0.0055,204,231,0,726,3689
01/06/2016,719.44,0.0364,33,30,0.0142,318,112,0,595,3466
31/05/2016,722.79,0.26,18,1,0.0008,27,8,0,240,1080
30/05/2016,,0.0914,11,6,0.0021,37,6,0,130,909
27/05/2016,712.24,0.1263,35,6,0.001,111,58,0,486,4139
26/05/2016,714.91,0.0963,57,4,0.0056,224,87,0,631,3950
25/05/2016,708.35,0.1356,63,12,0.0021,155,62,0,615,4047
24/05/2016,704.2,0.2964,35,6,-0.0012,67,68,0,394,2054
23/05/2016,696.75,0.204,14,3,-0.0031,39,68,0,308,1418
20/05/2016,702.8,0.1149,36,15,0.0009,123,69,0,507,4165
19/05/2016,698.52,0.1238,49,15,0.0003,145,121,0,675,7224
18/05/2016,697.45,0.0627,47,12,0.0009,181,156,0,791,5675
17/05/2016,695.27,0.2156,69,5,-0.0019,168,201,0,632,5474
16/05/2016,710.66,0.2316,44,1,0.0014,177,32,0,374,4881
13/05/2016,709.92,0.2346,51,27,-0.0077,273,430,0,605,6036
12/05/2016,717.93,0.2537,64,11,0.0048,323,208,0,604,5854
11/05/2016,713.23,0.6027,156,6,0.0256,1129,82,1,1105,9314
10/05/2016,703.07,0.3234,42,8,0.0228,239,45,2,413,2234
09/05/2016,679.75,0.08,9,3,0.0041,91,13,0,249,1501
06/05/2016,673.95,0.3751,79,9,0.0173,259,47,0,541,2656
05/05/2016,659.09,0.1864,46,6,0.0374,477,87,0,479,3357
04/05/2016,670.9,0.2331,40,2,0.0277,193,206,0,460,1971
03/05/2016,671.32,0.0958,33,8,0.0354,400,65,0,471,3134
02/05/2016,683.85,0.192,19,4,0.0156,157,44,1,244,1740
29/04/2016,659.59,0.8161,350,24,0.5452,5637,379,3,1821,13709
28/04/2016,602,0.2402,68,38,0.0048,131,88,2,797,3123
27/04/2016,606.57,0.1681,51,15,-0.007,111,233,1,594,3911
26/04/2016,616.88,0.0941,19,13,-0.1114,45,480,0,439,2668
25/04/2016,626.2,0.2196,18,1,-0.0101,93,91,0,288,1358
22/04/2016,620.5,0.142,34,10,0.0017,114,89,0,438,3374
21/04/2016,631,0.2796,45,6,0.0005,59,32,0,582,2681
20/04/2016,632.99,0.1035,33,4,0.0005,67,65,0,502,3830
19/04/2016,627.9,0.2814,108,31,-0.0011,124,185,1,977,6126
18/04/2016,635.35,0.1291,24,2,0,21,21,1,417,3727
15/04/2016,625.89,0.0945,34,5,0.0009,80,24,0,520,3277
14/04/2016,620.75,0.0613,49,10,0.001,185,22,0,777,5850
13/04/2016,614.82,0.0726,35,9,0.0014,78,39,0,497,2302
12/04/2016,603.17,-0.0643,15,20,-0.0019,59,97,0,477,2283
11/04/2016,595.93,0.0545,9,1,0.0024,59,19,0,261,1315
08/04/2016,594.6,0.0942,30,7,0.0015,110,83,0,480,3460
07/04/2016,591.43,0.1358,57,13,0.0023,147,106,0,576,4183
06/04/2016,602.08,0.0454,38,13,-0.0009,48,103,0,790,4971
05/04/2016,586.14,0.1729,48,8,-0.0016,105,128,0,542,4303
04/04/2016,593.19,0.1261,19,2,0.0007,37,13,0,349,1718
01/04/2016,598.5,0.1618,55,1,0.0002,51,38,0,628,5074
31/03/2016,593.64,0.1202,30,9,0.0019,111,77,0,396,3461
30/03/2016,598.69,0.2758,31,5,0.0161,235,118,0,387,3094
29/03/2016,593.86,0.3033,24,3,-0.0121,62,122,0,351,1568
28/03/2016,579.87,0.219,12,1,0.0027,41,10,0,188,972
25/03/2016,,0.1272,30,8,0.0019,83,61,0,494,2486
24/03/2016,582.95,0.1256,47,17,-0.0021,56,115,0,566,3630
23/03/2016,569.63,0.1146,39,24,-0.0225,73,373,0,537,3338
22/03/2016,560.48,0.0478,38,28,-0.0212,86,383,0,612,3720
21/03/2016,553.98,0.0665,19,6,0.0001,21,26,1,307,2797
18/03/2016,552.08,0.1575,37,11,-0.0026,104,167,0,566,4150
17/03/2016,559.44,0.0509,22,6,0.0042,157,94,2,474,2796
16/03/2016,574.27,0.0477,24,9,-0.001,61,82,0,463,3728
15/03/2016,577.02,0.2255,42,8,0.0004,92,22,0,434,4906
14/03/2016,573.37,0.1757,10,1,0.0002,21,6,0,184,1886
11/03/2016,569.61,0.1895,30,20,-0.0012,35,124,0,369,5108
10/03/2016,558.93,0.449,116,2,0.0013,158,50,0,775,5430
09/03/2016,559.47,0.338,68,14,-0.0005,73,87,1,641,5238
08/03/2016,560.26,-0.089,25,25,-0.0029,62,97,0,461,2635
07/03/2016,562.8,0.2812,18,4,0.0005,27,25,1,213,1567
04/03/2016,575.14,0.0888,57,19,-0.0064,153,463,0,630,7294
03/03/2016,577.49,0.1486,32,13,0.0021,80,70,0,464,1862
02/03/2016,580.21,0.2905,28,9,0.0006,126,29,0,931,5561
01/03/2016,579.04,0.4197,63,4,0.0047,129,61,0,562,3585
29/02/2016,552.52,0.4788,63,6,0.0018,114,40,0,433,3665
26/02/2016,555.23,0.0769,15,8,-0.0014,66,70,0,362,2358
25/02/2016,555.15,0.0329,12,7,-0.0011,66,69,0,513,2642
24/02/2016,554.04,0.0473,19,4,-0.001,62,63,0,611,2999
23/02/2016,552.94,0.1625,39,7,0.0058,137,51,0,599,3261
22/02/2016,559.5,0.2648,25,2,0.0003,20,15,0,278,1228
19/02/2016,534.9,0.4803,46,6,0.0037,163,120,0,521,3167
18/02/2016,525,0.2907,48,5,0.0068,132,54,0,552,2157
17/02/2016,534.1,0.5372,68,11,0.004,92,43,0,445,1913
16/02/2016,521.1,0.2561,18,2,0.0186,130,24,0,284,1283
15/02/2016,,0.0548,6,3,0.0019,39,13,0,218,1026
12/02/2016,507.08,0.5173,56,7,0.019,267,72,0,481,2765
11/02/2016,503.82,0.4119,85,7,0.071,699,86,0,618,4417
10/02/2016,490.48,0.1839,44,9,0.0203,512,79,0,512,4309
09/02/2016,482.07,0.0993,25,9,-0.0035,68,104,0,435,2401
08/02/2016,488.1,-0.064,7,7,-0.0033,40,71,1,184,1569
05/02/2016,502.13,0.0942,32,15,-0.0008,90,92,1,482,3617
04/02/2016,536.26,0.1427,65,24,-0.0017,101,246,0,697,6725
03/02/2016,531.07,0.1997,77,8,-0.0004,115,139,1,728,7482
02/02/2016,552.1,0.2759,43,6,-0.0089,107,133,0,448,2170
01/02/2016,574.81,0.0125,6,4,-0.0145,109,135,0,343,1914
29/01/2016,587,0.7523,347,84,-0.3063,2554,4899,3,2084,16477
28/01/2016,635.35,0.3188,53,14,0.0446,540,95,2,584,3677
27/01/2016,583.35,0.1618,32,6,0.0067,212,74,1,457,4169
26/01/2016,601.25,0.242,44,4,-0.0054,154,217,0,530,3669
25/01/2016,596.53,0.6018,32,3,0.0024,38,28,0,287,1269
22/01/2016,596.38,0.399,56,11,0.0376,495,63,0,518,3866
21/01/2016,575.02,0.2267,20,5,-0.0094,90,136,0,359,2191
20/01/2016,571.77,0.2248,48,2,0.0202,229,140,0,571,2368
19/01/2016,574.48,0.2155,29,13,0.0093,54,53,0,393,958
18/01/2016,,-0.2995,8,19,-0.0074,27,45,0,286,1170
15/01/2016,570.18,0.2964,51,20,0.0228,522,485,1,533,5014
14/01/2016,593,0.1449,36,18,-0.0218,151,426,1,523,4084
13/01/2016,581.81,0.2633,47,10,-0.0242,103,272,2,449,2758
12/01/2016,617.89,0.236,52,17,0.0021,131,57,0,641,3262
11/01/2016,617.74,0.291,25,2,0.012,109,20,0,302,1307
08/01/2016,607.05,0.2008,29,6,-0.0043,77,119,0,416,2540
07/01/2016,607.94,0.2152,29,14,-0.0205,115,213,1,485,2490
06/01/2016,632.65,0.3735,40,4,0.0054,172,125,1,453,3087
05/01/2016,633.79,0.3504,52,24,-0.0199,204,346,1,596,3589
04/01/2016,636.99,-0.2521,15,14,-0.0242,84,103,2,268,1225
01/01/2016,,-0.4062,17,28,0.0175,229,47,0,252,2668
31/12/2015,675.89,0.2826,24,6,0.0694,421,103,0,332,2885
30/12/2015,689.07,0.5273,55,4,0.0787,619,101,0,518,3677
29/12/2015,693.97,0.234,61,7,0.0954,943,86,1,641,5105
28/12/2015,675.2,0.5484,30,2,0.0194,268,9,1,441,2306
25/12/2015,,0.0129,2,1,-0.0013,26,49,0,161,1418
24/12/2015,662.79,0.2512,33,4,-0.0019,113,123,0,393,3434
23/12/2015,663.7,0.1063,37,8,-0.004,107,147,0,612,2821
22/12/2015,663.15,0.0674,35,12,-0.0158,74,239,0,842,2558
21/12/2015,664.51,0.0514,13,4,-0.0093,38,121,0,402,1545
18/12/2015,664.14,0.0945,24,2,0.0042,67,29,0,483,1811
17/12/2015,670.65,0.199,30,8,0.0038,91,46,0,434,2264
16/12/2015,675.77,0.316,38,16,-0.0103,78,153,0,518,2984
15/12/2015,658.64,0.3021,49,23,-0.0117,160,212,0,555,3207
14/12/2015,657.91,0.1121,15,4,-0.0014,17,44,0,353,1590
11/12/2015,640.15,0.159,34,2,0.0014,85,34,0,445,2578
10/12/2015,662.32,0.1845,26,7,0.0037,77,45,0,424,2199
09/12/2015,664.79,0.2124,39,15,0.0012,127,30,0,610,4253
08/12/2015,677.33,0.0915,35,23,0.0047,156,79,0,622,2978
07/12/2015,669.83,0.3497,15,7,0.0005,23,14,1,265,1270
04/12/2015,672.64,0.1161,29,7,0.0206,489,54,0,554,4202
03/12/2015,666.25,0.1259,37,12,0.0171,264,51,0,641,3336
02/12/2015,676.01,0.447,79,3,0.016,345,49,0,761,4089
01/12/2015,679.06,0.2201,96,12,0.0029,372,119,1,1239,8595
30/11/2015,664.8,0.1054,44,6,0.0003,97,100,1,736,5823
27/11/2015,673.26,0.1672,22,12,-0.0004,41,44,0,400,3366
26/11/2015,,0.094,26,4,0.0096,181,42,0,544,3098
25/11/2015,675.34,0.0364,66,33,0.0065,217,119,0,1288,5115
24/11/2015,671.15,0.0739,31,18,0.0087,148,72,1,596,2483
23/11/2015,678.99,0.2506,18,9,0.0004,18,13,1,294,1552
20/11/2015,668.45,0.1611,36,3,0.002,76,53,0,542,3263
19/11/2015,661.27,0.1495,40,3,0.0046,165,42,0,607,3760
18/11/2015,663.54,0.1186,39,5,0.001,93,60,0,599,4398
17/11/2015,643.3,0.2036,36,7,0.0047,149,114,0,616,2895
16/11/2015,647.81,0.0113,4,2,0.0042,62,14,1,246,1336
13/11/2015,642.35,0.0889,28,2,0.0055,141,93,0,483,2479
12/11/2015,665.6,0.4153,51,3,-0.0327,346,398,0,504,3752
11/11/2015,673.25,0.4061,56,5,0.0119,219,94,1,571,2704
10/11/2015,659.68,0.1383,19,6,-0.0014,68,75,0,438,2200
09/11/2015,655.49,0.3626,14,4,0.0006,23,10,0,221,1353
06/11/2015,659.37,0.118,28,5,0.0135,217,87,0,528,3163
05/11/2015,655.65,0.2117,50,2,0.0235,108,20,0,573,3971
04/11/2015,640.95,0.1434,68,16,0.0026,223,75,1,743,5707
03/11/2015,625.31,0.2508,83,3,0.0056,380,98,0,681,7363
02/11/2015,628.35,0.0223,10,2,-0.3205,24,721,0,300,2159
30/10/2015,625.9,0.1967,41,16,-0.0043,100,177,0,464,4179
29/10/2015,626.55,-0.2254,20,29,-0.0355,95,173,0,379,2064
28/10/2015,617.1,0.179,30,26,-0.1035,89,386,0,494,784
27/10/2015,611.01,0.1442,29,5,0.0116,179,77,0,547,2200
26/10/2015,608.61,0.323,22,6,0.0289,150,48,0,344,1512
23/10/2015,599.03,0.7784,312,16,0.3961,4110,305,3,1635,10977
22/10/2015,563.91,0.1965,48,12,-0.0127,184,190,2,556,2812
21/10/2015,555.77,0.2221,66,18,0.0293,336,171,0,607,3913
20/10/2015,560.88,0.162,75,61,-0.1704,220,1412,1,681,7504
19/10/2015,573.15,-0.6452,25,44,-0.484,39,1118,1,309,2672
16/10/2015,570.76,0.1306,25,4,-0.0207,128,152,0,438,1658
15/10/2015,562.44,0.1802,30,10,-0.0143,114,175,1,495,2793
14/10/2015,544.83,0.1472,20,9,-0.0011,50,55,0,409,2557
13/10/2015,548.9,0.1775,27,3,-0.0261,118,214,0,452,2579
12/10/2015,550.19,0.2076,19,3,-0.0045,23,48,0,247,1615
09/10/2015,539.8,0.1537,102,24,-0.0021,82,189,0,812,6415
08/10/2015,533.16,0.0727,86,15,0.0002,74,54,1,782,7013
07/10/2015,541.94,0.2012,55,2,0.0062,125,57,1,428,2515
06/10/2015,537.48,0.2711,46,3,0.0017,56,53,0,447,2004
05/10/2015,543.68,0.2189,20,5,0.0019,40,8,0,220,1276
02/10/2015,532.54,0.3326,109,6,-0.0002,41,50,0,692,3403
01/10/2015,520.72,0.1313,24,6,-0.0021,30,34,1,434,938
30/09/2015,511.89,0.1187,58,10,0.0025,41,33,0,896,1084
29/09/2015,496.07,0.1054,31,8,0.0665,207,49,0,549,1212
28/09/2015,504.06,-0.1599,6,11,0.0122,18,11,1,157,255
25/09/2015,524.25,0.1862,16,6,0.0032,32,27,0,375,701
24/09/2015,533.75,0.0389,15,7,-0.0035,22,37,0,652,724
23/09/2015,536.07,0.1068,21,9,-0.1007,41,311,0,554,1336
22/09/2015,538.4,0.118,18,10,0.0081,73,23,0,379,984
21/09/2015,548.39,0.3753,6,3,0.0041,23,17,0,297,496
18/09/2015,540.26,0.3753,90,7,0.0008,94,90,0,839,3414
17/09/2015,538.87,0.1628,58,11,-0.0009,33,55,0,740,1831
16/09/2015,527.39,0.0855,58,8,0.0008,58,27,0,642,2133
15/09/2015,522.37,0.0667,11,6,0.0053,30,26,0,300,549
14/09/2015,521.38,0.0774,5,1,0.001,13,5,0,136,462
11/09/2015,529.44,0.0449,14,2,0.0176,57,30,0,342,614
10/09/2015,522.24,0.0607,28,13,0.0035,73,37,0,486,1364
09/09/2015,516.89,0.1703,48,8,0.0104,191,65,0,646,1967
08/09/2015,517.54,0.0829,25,16,-0.0003,21,28,0,456,1582
07/09/2015,,-0.0106,1,5,0.0059,10,8,0,137,166
04/09/2015,499,0.224,59,7,0.0298,167,25,0,448,1273
03/09/2015,504.72,0.1009,26,8,0.0016,37,16,0,342,1077
02/09/2015,510.55,0.1393,32,2,0.0001,40,36,0,517,3770
01/09/2015,496.54,0.0505,14,1,-0.0077,27,64,0,342,846
31/08/2015,512.89,0.1643,12,1,0.0123,30,13,0,212,388
28/08/2015,518.01,0.1066,36,7,0.0093,75,73,0,438,1203
27/08/2015,518.37,0.2152,80,9,0.012,213,148,1,697,2630
26/08/2015,500.77,0.3192,63,6,0.0153,166,50,1,512,1825
25/08/2015,466.37,0.0712,22,7,0.0247,70,45,1,437,778
24/08/2015,463.37,0.057,12,2,0.0075,29,28,1,254,522
21/08/2015,494.47,0.0682,22,11,0.0106,61,62,0,385,935
20/08/2015,515.78,0.0619,22,10,0.0091,69,36,0,408,952
19/08/2015,532.92,-0.0185,16,15,0.0015,66,52,0,620,2074
18/08/2015,535.02,-0.0117,33,34,-0.0003,90,106,0,971,5584
17/08/2015,535.22,0.0361,18,11,-0.0031,36,206,1,438,3518
14/08/2015,531.52,0.2655,18,5,0.0275,106,29,0,256,913
13/08/2015,529.66,0.1785,11,2,0.0164,64,37,0,289,697
12/08/2015,525.91,0.2655,17,5,0.0127,49,33,0,346,663
11/08/2015,527.46,0.2041,32,2,0.0193,61,30,0,321,684
10/08/2015,524,0.1885,21,6,0.0454,101,6,0,212,644
07/08/2015,522.62,0.094,17,2,0.0452,109,38,0,347,677
06/08/2015,529.46,0.3132,35,4,0.0313,86,36,0,459,624
05/08/2015,537.01,0.037,13,4,-0.0145,59,84,0,376,808
04/08/2015,531.9,0.1253,28,4,0.0247,71,36,0,389,587
03/08/2015,535.03,0.171,12,2,0.0071,21,20,0,214,284
31/07/2015,536.15,0.3183,79,1,0.0069,100,43,0,551,1322
30/07/2015,536.76,0.4037,95,3,0.0025,92,48,0,687,1959
29/07/2015,529,0.4037,68,8,0.0143,120,70,0,632,1220
28/07/2015,526.03,0.4037,48,5,0.0151,209,96,0,422,1948
27/07/2015,531.41,0.384,30,5,0.1142,181,44,1,291,765
24/07/2015,529.42,0.8651,399,24,0.146,2327,399,3,1774,8525
23/07/2015,482.18,0.4035,49,9,0.0294,117,28,2,445,862
22/07/2015,488.27,0.2463,29,2,0.0389,105,52,0,440,755
21/07/2015,488,0.4932,67,8,0.0308,152,24,0,437,1139
20/07/2015,488.1,0.6611,40,1,0.075,109,18,1,261,593
17/07/2015,483.01,0.0375,82,3,0.0424,256,34,0,689,1587
16/07/2015,475.48,0.0375,65,24,0.0065,212,198,1,850,2931
15/07/2015,461.19,0.2394,92,10,0.0141,321,51,1,888,3037
14/07/2015,465.57,0.2489,108,14,0.0684,262,41,2,688,1346
13/07/2015,455.57,0.0034,6,3,0.0166,37,15,1,177,352
10/07/2015,443.51,0.0973,24,1,0.0119,53,11,0,309,536
09/07/2015,434.39,0.3135,27,10,0.0432,59,20,0,357,373
08/07/2015,429.7,0.1021,29,7,0.0518,92,12,0,406,504
07/07/2015,436.72,0.051,30,12,0.0085,67,22,0,459,819
06/07/2015,436.04,0,16,2,0.002,20,13,0,270,518
03/07/2015,,0.1923,17,2,0.0116,25,10,0,224,275
02/07/2015,437.71,0.2228,26,8,0.0054,30,12,0,312,463
01/07/2015,437.39,0.2333,54,10,0.0027,57,31,0,512,1164
30/06/2015,434.09,0.0751,39,2,0.0017,29,25,0,395,768
29/06/2015,429.86,0.0149,9,3,0.0064,38,14,0,196,512
26/06/2015,438.1,0.1319,51,19,0.0094,106,80,0,574,1207
25/06/2015,440.1,0.1025,25,17,0.0032,98,79,0,468,1743
24/06/2015,440.84,0.0603,47,16,-0.0122,186,404,1,751,3941
23/06/2015,445.99,0.0305,18,2,0.0007,52,21,2,510,1992
22/06/2015,436.29,0.0026,4,4,0.0014,18,6,0,188,494
19/06/2015,434.92,0.0919,30,5,0.0154,153,21,0,355,1378
18/06/2015,439.39,0.1505,56,6,0.0025,98,16,0,532,1922
17/06/2015,427.81,0.0844,32,6,0.0003,55,53,0,491,2968
16/06/2015,427.26,0.2269,22,2,0.002,52,7,0,387,1139
15/06/2015,423.67,0.0188,12,5,0.0036,28,18,0,253,498
12/06/2015,429.92,0.1431,44,16,-0.0033,48,73,0,448,1453
11/06/2015,432.97,0.1879,46,13,0.0037,131,50,0,523,2141
10/06/2015,430.77,0.127,21,3,0.0031,60,7,0,293,1097
09/06/2015,425.48,0.0797,17,2,-0.0016,29,33,0,288,819
08/06/2015,423.5,0.0148,11,4,0.0002,11,8,0,236,674
05/06/2015,426.95,0.0472,18,4,0.0016,34,28,0,250,854
04/06/2015,430.78,0.3092,19,4,0.0253,73,21,0,339,568
03/06/2015,436.59,0.0578,28,1,0.009,57,9,0,431,684
02/06/2015,430.99,0.0401,13,6,0.0085,31,16,0,257,390
01/06/2015,430.92,0.0572,4,1,0.0104,21,5,0,156,215
29/05/2015,429.23,0.125,45,2,0.0038,84,22,0,415,1438
28/05/2015,426.57,0.2196,28,8,0.0111,117,18,0,351,1201
27/05/2015,431.42,0.4439,55,12,-0.0196,96,137,0,386,1155
26/05/2015,425.47,-0.245,22,28,-0.0275,248,250,0,298,1907
25/05/2015,,-0.2731,9,14,-0.523,21,819,0,173,1649
22/05/2015,427.63,0.274,48,3,0.0119,90,29,0,405,945
21/05/2015,431.63,0.2143,39,2,0.0221,126,5,1,325,945
20/05/2015,423.86,0.0931,29,1,0.0073,44,22,0,426,539
19/05/2015,421.71,0.0228,11,5,0.0033,28,20,0,368,504
18/05/2015,425.24,0.1507,5,1,0.0421,48,5,0,175,262
15/05/2015,426,0.2002,23,2,0.0003,14,13,0,336,789
14/05/2015,432.28,0.1671,36,5,-0.0004,17,23,0,300,1030
13/05/2015,426.87,0.2061,10,6,0.0159,26,16,0,300,252
12/05/2015,431.02,0.1136,22,6,0.007,21,9,0,315,295
11/05/2015,432.85,0.1695,7,1,0.0008,11,6,0,195,411
08/05/2015,433.69,0.3752,14,3,0.076,75,10,0,302,369
07/05/2015,426.88,0.0536,22,2,0.0146,47,18,0,317,469
06/05/2015,419.1,0.1081,16,2,0.0013,36,18,0,429,967
05/05/2015,421.19,0.2224,14,2,0.009,42,24,0,401,518
04/05/2015,423.04,0.0211,27,7,0.474,240,9,0,228,500
01/05/2015,422.87,0.0462,22,7,0.0013,34,17,0,445,1023
30/04/2015,421.78,0.173,27,7,0.0041,37,17,0,411,647
29/04/2015,429.37,0.2353,40,7,0.0188,76,27,0,312,660
28/04/2015,429.31,0.3256,44,8,0.026,94,42,0,499,805
27/04/2015,438.56,0.6407,31,5,0.0932,93,41,1,378,468
24/04/2015,445.1,0.5231,279,20,0.1207,1167,410,3,1369,5017
23/04/2015,389.99,0.1355,40,14,0.0074,49,25,2,516,679
22/04/2015,389.8,0.2516,45,11,0.0201,93,38,1,468,782
21/04/2015,391.18,0.58,22,10,0.0854,130,17,1,348,636
20/04/2015,389.51,0.0513,14,1,0.0234,30,6,2,207,263
17/04/2015,375.56,0.0802,13,7,0.037,73,17,0,254,502
16/04/2015,386.04,0.1298,20,7,0.025,78,11,0,313,470
15/04/2015,383.45,0.4759,41,4,0.015,60,17,0,378,518
14/04/2015,385.11,0.1057,42,2,0.0071,58,12,0,484,769
13/04/2015,382.36,0.2359,10,3,0.0107,22,3,0,246,254
10/04/2015,382.65,0.1037,44,23,-0.0012,52,48,0,533,1457
09/04/2015,383.54,0.2872,37,7,0.0055,48,18,0,370,678
08/04/2015,381.2,0.0791,25,2,0.0042,22,11,0,370,396
07/04/2015,374.41,0.0719,14,2,0.0067,47,8,0,316,618
06/04/2015,377.04,-0.0115,6,5,0.0132,18,4,0,119,169
03/04/2015,,0.2162,18,5,0.0058,31,4,0,250,416
02/04/2015,372.25,0.0497,31,2,0.0023,26,6,0,368,539
01/04/2015,370.255,0.0935,48,6,0.0005,46,20,0,531,1917
31/03/2015,372.1,0.1935,68,13,0.0035,36,18,0,583,650
30/03/2015,374.59,0,10,3,0.0038,12,4,0,192,224
27/03/2015,370.56,0.0867,35,6,0.0019,52,14,0,463,1269
26/03/2015,367.35,0.1952,28,6,0.021,66,29,0,398,561
25/03/2015,370.96,0.0623,39,8,0.0046,44,24,0,463,711
24/03/2015,374.09,0.3687,23,12,-0.0162,30,37,0,379,377
23/03/2015,375.11,0.0177,13,3,0.01,21,3,0,180,234
20/03/2015,378.49,0.0981,59,21,0.0015,44,19,0,609,1103
19/03/2015,373.24,0.0405,10,5,0.0087,21,12,0,329,261
18/03/2015,375.135,0.3045,17,4,0.0128,28,6,0,228,285
17/03/2015,371.92,0.0927,16,4,0.025,49,28,0,314,385
16/03/2015,373.35,0.0862,3,1,0.0027,10,8,0,126,216
13/03/2015,370.58,0.1599,25,3,0.0072,43,20,0,301,572
12/03/2015,374.24,0.057,12,1,-0.0058,16,30,0,316,482
11/03/2015,366.37,0.3093,29,2,0.0109,28,23,0,309,348
10/03/2015,369.51,-0.2257,17,12,-0.0306,28,57,0,265,464
09/03/2015,378.56,0.0622,10,6,-0.0313,12,39,1,173,290
06/03/2015,380.09,0.0622,30,8,0.0175,155,16,0,373,1169
05/03/2015,387.83,0.0622,27,6,0.0077,35,19,1,333,446
04/03/2015,382.72,0.0622,25,6,0.0128,48,14,0,396,487
03/03/2015,384.61,0.0622,14,5,0.0162,38,16,0,369,370
02/03/2015,385.655,0.0622,15,9,0.015,19,5,0,151,172
27/02/2015,380.16,0.0622,20,9,0.001,39,10,0,422,1119
26/02/2015,384.8,0.0297,11,3,0.0338,65,20,0,273,487
25/02/2015,385.37,0.1222,10,3,0.0195,30,12,0,263,263
24/02/2015,378.59,0.1369,14,3,0.0112,31,17,0,329,376
23/02/2015,380.14,-0.0146,5,2,0.0123,17,6,0,136,178
20/02/2015,383.66,0.3779,16,3,0.0246,56,22,0,224,467
19/02/2015,378.995,0.0219,17,3,0.0287,56,7,0,379,407
18/02/2015,373.37,0.1686,15,5,0.0085,32,14,0,341,383
17/02/2015,375.43,0.1292,15,7,0.0003,10,8,0,289,578
16/02/2015,,0.0399,6,4,0.0078,16,12,0,187,227
13/02/2015,381.83,0.0537,12,1,0.0042,25,8,0,340,397
12/02/2015,377.17,0.0679,13,3,0.0074,45,21,0,374,654
11/02/2015,375.14,0.105,19,4,0.007,31,16,0,234,437
10/02/2015,372.995,0.1351,12,4,0.0068,37,19,0,256,522
09/02/2015,370.56,0.0053,6,1,0.0145,17,7,0,137,175
06/02/2015,374.28,0.1352,14,6,0.0164,74,40,0,273,699
05/02/2015,373.89,0.0648,29,8,0.005,45,30,0,402,703
04/02/2015,364.75,0.0691,34,10,0.0065,73,38,0,559,990
03/02/2015,363.55,0.4221,33,10,0.0144,112,51,0,514,1144
02/02/2015,364.47,0.0774,13,3,0.0258,62,12,1,255,471
30/01/2015,354.53,0.5293,270,18,0.0965,895,868,3,1366,4547
29/01/2015,311.78,0.3113,52,5,0.004,62,31,1,553,1010
28/01/2015,303.91,0.1412,21,20,0.0199,48,15,0,282,399
27/01/2015,306.75,0.2861,20,11,0.0142,36,25,0,270,372
26/01/2015,309.66,0.2148,8,4,0.0215,18,6,0,157,180
23/01/2015,312.39,0.1469,45,4,0.0123,98,27,0,432,1001
22/01/2015,310.32,0.3796,42,8,0.0101,98,44,2,420,1107
21/01/2015,297.25,0.2144,31,9,0.0125,103,62,2,460,972
20/01/2015,289.44,0.1881,20,2,-0.0046,13,90,1,684,1220
19/01/2015,,0.3103,5,3,-0.0239,8,26,0,163,199
16/01/2015,290.74,0.0641,37,42,-0.0191,41,221,0,486,1785
15/01/2015,286.95,0.1796,13,13,-0.0041,35,37,0,427,648
14/01/2015,293.27,0.4243,63,7,0.0059,88,37,0,747,1300
13/01/2015,294.74,0.2827,39,4,-0.0519,103,139,1,380,833
12/01/2015,291.41,0.5171,8,1,0.0104,23,5,0,275,271
09/01/2015,296.93,0.1471,14,5,0.0086,26,18,0,240,334
08/01/2015,300.46,0.1174,33,7,-0.0044,20,31,0,339,541
07/01/2015,298.42,0.0389,29,8,-0.0899,37,223,0,381,928
06/01/2015,295.29,0.3571,30,3,0.0112,43,29,0,318,459
05/01/2015,302.19,0.0082,22,2,0.1356,50,12,0,232,195
02/01/2015,308.52,0.4016,4,2,-0.321,12,70,0,119,198
